id,actor_id,table_name,action,row_id,site_id,snapshot,created_at
923e37c6-343c-4812-90ec-87422da579e7,,waste_entries,DELETE,58f5a247-6272-495f-867d-3a855e1aaacb,e9925af4-e29c-471c-8515-723ea5a3d53c,"{""id"": ""58f5a247-6272-495f-867d-3a855e1aaacb"", ""notes"": null, ""site_id"": ""e9925af4-e29c-471c-8515-723ea5a3d53c"", ""location"": null, ""quantity"": 20, ""created_at"": ""2026-04-18T09:28:41.232778+00:00"", ""created_by"": null, ""updated_at"": ""2026-06-17T15:28:54.721574+00:00"", ""activity_type"": ""breakdown"", ""waste_type_id"": ""carbon-brush"", ""generated_date"": ""2026-04-18"", ""waste_category"": ""hazardous"", ""disposal_batch_id"": ""9b5203c1-7c52-4472-a8ae-ccb366823cab""}",2026-06-20 17:03:47.476508+00
0c4e81b9-cffe-4787-a252-fb9db5972bf7,,waste_entries,DELETE,02893bbe-e683-40b8-8883-4daafe121914,e9925af4-e29c-471c-8515-723ea5a3d53c,"{""id"": ""02893bbe-e683-40b8-8883-4daafe121914"", ""notes"": null, ""site_id"": ""e9925af4-e29c-471c-8515-723ea5a3d53c"", ""location"": null, ""quantity"": 50, ""created_at"": ""2026-04-18T16:44:52.338008+00:00"", ""created_by"": null, ""updated_at"": ""2026-06-17T15:28:54.721574+00:00"", ""activity_type"": ""preventive"", ""waste_type_id"": ""waste-grease"", ""generated_date"": ""2026-04-16"", ""waste_category"": ""hazardous"", ""disposal_batch_id"": ""9b5203c1-7c52-4472-a8ae-ccb366823cab""}",2026-06-20 17:03:47.476508+00
892daf24-db26-4965-8fe6-3b1b5bc4a280,,waste_entries,DELETE,47f7292f-3828-41cc-bee0-eaf4f3ff44bd,e9925af4-e29c-471c-8515-723ea5a3d53c,"{""id"": ""47f7292f-3828-41cc-bee0-eaf4f3ff44bd"", ""notes"": null, ""site_id"": ""e9925af4-e29c-471c-8515-723ea5a3d53c"", ""location"": null, ""quantity"": 100, ""created_at"": ""2026-04-18T16:45:18.736504+00:00"", ""created_by"": null, ""updated_at"": ""2026-06-17T15:28:54.721574+00:00"", ""activity_type"": ""preventive"", ""waste_type_id"": ""waste-grease"", ""generated_date"": ""2026-04-18"", ""waste_category"": ""hazardous"", ""disposal_batch_id"": ""9b5203c1-7c52-4472-a8ae-ccb366823cab""}",2026-06-20 17:03:47.476508+00
c10d957e-7b21-43a5-ad96-23e60adaf01a,,waste_entries,DELETE,e9060687-eecb-4cba-b29d-4b4047b35ca0,e9925af4-e29c-471c-8515-723ea5a3d53c,"{""id"": ""e9060687-eecb-4cba-b29d-4b4047b35ca0"", ""notes"": null, ""site_id"": ""e9925af4-e29c-471c-8515-723ea5a3d53c"", ""location"": null, ""quantity"": 50, ""created_at"": ""2026-04-18T16:46:33.050734+00:00"", ""created_by"": null, ""updated_at"": ""2026-06-17T15:28:54.721574+00:00"", ""activity_type"": ""breakdown"", ""waste_type_id"": ""waste-oil"", ""generated_date"": ""2026-04-08"", ""waste_category"": ""hazardous"", ""disposal_batch_id"": ""9b5203c1-7c52-4472-a8ae-ccb366823cab""}",2026-06-20 17:03:47.476508+00
850ceacf-332d-4e7b-ba41-8d33bdf92c08,,waste_entries,DELETE,9b5affaa-d5fd-4453-b8ad-4be094a40e31,e9925af4-e29c-471c-8515-723ea5a3d53c,"{""id"": ""9b5affaa-d5fd-4453-b8ad-4be094a40e31"", ""notes"": null, ""site_id"": ""e9925af4-e29c-471c-8515-723ea5a3d53c"", ""location"": null, ""quantity"": 5, ""created_at"": ""2026-04-18T16:48:01.048721+00:00"", ""created_by"": null, ""updated_at"": ""2026-06-17T15:28:54.721574+00:00"", ""activity_type"": ""preventive"", ""waste_type_id"": ""gb-oil-filter"", ""generated_date"": ""2026-04-05"", ""waste_category"": ""hazardous"", ""disposal_batch_id"": ""9b5203c1-7c52-4472-a8ae-ccb366823cab""}",2026-06-20 17:03:47.476508+00
12bb0b1b-8105-460b-ac5b-199b8245ccbe,,waste_entries,DELETE,592edca2-ebeb-4977-86d8-42e6fc03d1af,e9925af4-e29c-471c-8515-723ea5a3d53c,"{""id"": ""592edca2-ebeb-4977-86d8-42e6fc03d1af"", ""notes"": null, ""site_id"": ""e9925af4-e29c-471c-8515-723ea5a3d53c"", ""location"": null, ""quantity"": 30, ""created_at"": ""2026-04-18T16:48:41.01876+00:00"", ""created_by"": null, ""updated_at"": ""2026-06-17T15:28:54.721574+00:00"", ""activity_type"": ""preventive"", ""waste_type_id"": ""hu-oil-filter"", ""generated_date"": ""2026-04-01"", ""waste_category"": ""hazardous"", ""disposal_batch_id"": ""9b5203c1-7c52-4472-a8ae-ccb366823cab""}",2026-06-20 17:03:47.476508+00
51ee389c-a371-4aae-96c4-f80d52824834,,waste_entries,DELETE,858224e7-d6be-4580-8b2e-7e74f7713b9e,e9925af4-e29c-471c-8515-723ea5a3d53c,"{""id"": ""858224e7-d6be-4580-8b2e-7e74f7713b9e"", ""notes"": null, ""site_id"": ""e9925af4-e29c-471c-8515-723ea5a3d53c"", ""location"": null, ""quantity"": 50, ""created_at"": ""2026-04-18T16:53:19.121489+00:00"", ""created_by"": null, ""updated_at"": ""2026-06-17T15:28:54.721574+00:00"", ""activity_type"": ""breakdown"", ""waste_type_id"": ""oil-filters-misc"", ""generated_date"": ""2026-04-16"", ""waste_category"": ""non_hazardous"", ""disposal_batch_id"": ""9b5203c1-7c52-4472-a8ae-ccb366823cab""}",2026-06-20 17:03:47.476508+00
c7248526-27d1-4a15-883a-2e4276b91864,,waste_entries,DELETE,d8e665be-d12c-4baa-85a4-3a1a419730b3,e9925af4-e29c-471c-8515-723ea5a3d53c,"{""id"": ""d8e665be-d12c-4baa-85a4-3a1a419730b3"", ""notes"": ""ypm"", ""site_id"": ""e9925af4-e29c-471c-8515-723ea5a3d53c"", ""location"": null, ""quantity"": 50, ""created_at"": ""2026-06-17T16:39:38.913985+00:00"", ""created_by"": null, ""updated_at"": ""2026-06-19T16:07:35.595773+00:00"", ""activity_type"": ""preventive"", ""waste_type_id"": ""waste-grease"", ""generated_date"": ""2026-06-17"", ""waste_category"": ""hazardous"", ""disposal_batch_id"": null}",2026-06-20 17:03:47.476508+00
66a51bce-4fe2-41c9-9b61-2ee3e96156ae,,disposal_batches,DELETE,9b5203c1-7c52-4472-a8ae-ccb366823cab,e9925af4-e29c-471c-8515-723ea5a3d53c,"{""id"": ""9b5203c1-7c52-4472-a8ae-ccb366823cab"", ""notes"": null, ""site_id"": ""e9925af4-e29c-471c-8515-723ea5a3d53c"", ""created_at"": ""2026-04-18T16:57:05.920095+00:00"", ""disposed_by"": null, ""disposed_date"": ""2026-04-19""}",2026-06-20 17:03:47.476508+00
d3cebf89-90ea-4ec8-864a-d6af041f6c95,,user_roles,DELETE,92f1340e-41cc-4c75-ae7b-182748994e46,e9925af4-e29c-471c-8515-723ea5a3d53c,"{""id"": ""92f1340e-41cc-4c75-ae7b-182748994e46"", ""role"": ""member"", ""site_id"": ""e9925af4-e29c-471c-8515-723ea5a3d53c"", ""user_id"": ""744c92e8-3089-4379-b5cb-209ef842c01c"", ""created_at"": ""2026-06-17T16:38:50.139347+00:00""}",2026-06-20 17:03:47.476508+00
96d98ec6-6c25-4a52-86f2-6245c6c55780,,user_roles,DELETE,e9c34f96-3ed9-4b2d-8acf-892ff84cf0c7,e9925af4-e29c-471c-8515-723ea5a3d53c,"{""id"": ""e9c34f96-3ed9-4b2d-8acf-892ff84cf0c7"", ""role"": ""member"", ""site_id"": ""e9925af4-e29c-471c-8515-723ea5a3d53c"", ""user_id"": ""31c18a39-bd53-415d-b9fe-d818b018a69f"", ""created_at"": ""2026-06-18T16:16:17.675214+00:00""}",2026-06-20 17:03:47.476508+00
02fa0771-9790-46d5-a56f-7f644cfa7a89,,user_roles,DELETE,0ca1a590-0fe4-41b5-bfe1-285095f6c133,e9925af4-e29c-471c-8515-723ea5a3d53c,"{""id"": ""0ca1a590-0fe4-41b5-bfe1-285095f6c133"", ""role"": ""member"", ""site_id"": ""e9925af4-e29c-471c-8515-723ea5a3d53c"", ""user_id"": ""a739a2a4-db64-43ab-8aa5-6535ee95ba86"", ""created_at"": ""2026-06-18T16:49:19.786276+00:00""}",2026-06-20 17:03:47.476508+00
44b23883-5736-4949-ab07-5635e7cec5af,,user_sites,DELETE,856f9cc9-f371-4a8b-824e-0d74fe87cf5b,e9925af4-e29c-471c-8515-723ea5a3d53c,"{""id"": ""856f9cc9-f371-4a8b-824e-0d74fe87cf5b"", ""site_id"": ""e9925af4-e29c-471c-8515-723ea5a3d53c"", ""user_id"": ""744c92e8-3089-4379-b5cb-209ef842c01c"", ""created_at"": ""2026-06-17T16:38:50.046821+00:00""}",2026-06-20 17:03:47.476508+00
71a72e7b-52f0-477e-bc90-5fed1e82c537,,user_sites,DELETE,4e6f79a3-225b-4759-85cd-48e2a48ee6ab,e9925af4-e29c-471c-8515-723ea5a3d53c,"{""id"": ""4e6f79a3-225b-4759-85cd-48e2a48ee6ab"", ""site_id"": ""e9925af4-e29c-471c-8515-723ea5a3d53c"", ""user_id"": ""31c18a39-bd53-415d-b9fe-d818b018a69f"", ""created_at"": ""2026-06-18T16:16:17.499993+00:00""}",2026-06-20 17:03:47.476508+00
2961fa49-ace3-4176-832d-5eb83d3a3869,,user_sites,DELETE,6a708681-edec-4431-bbfb-ef216944a2fa,e9925af4-e29c-471c-8515-723ea5a3d53c,"{""id"": ""6a708681-edec-4431-bbfb-ef216944a2fa"", ""site_id"": ""e9925af4-e29c-471c-8515-723ea5a3d53c"", ""user_id"": ""a739a2a4-db64-43ab-8aa5-6535ee95ba86"", ""created_at"": ""2026-06-18T16:49:19.592304+00:00""}",2026-06-20 17:03:47.476508+00
4e756fad-241f-44ef-b453-75a8dfa7615c,,user_sites,INSERT,3c38c049-7abf-4889-bcac-1ee29491f28a,e9925af4-e29c-471c-8515-723ea5a3d53c,"{""id"": ""3c38c049-7abf-4889-bcac-1ee29491f28a"", ""site_id"": ""e9925af4-e29c-471c-8515-723ea5a3d53c"", ""user_id"": ""a95e54cf-055f-409c-a4ef-a6fbb11b2570"", ""created_at"": ""2026-06-20T17:07:46.640388+00:00""}",2026-06-20 17:07:46.640388+00
0a47339a-b1b5-439b-a8a7-8e4e59db2b2b,,user_roles,INSERT,b8eb49a6-a5b9-4efe-af9a-4fec942f8433,e9925af4-e29c-471c-8515-723ea5a3d53c,"{""id"": ""b8eb49a6-a5b9-4efe-af9a-4fec942f8433"", ""role"": ""admin"", ""site_id"": ""e9925af4-e29c-471c-8515-723ea5a3d53c"", ""user_id"": ""a95e54cf-055f-409c-a4ef-a6fbb11b2570"", ""created_at"": ""2026-06-20T17:07:46.828071+00:00""}",2026-06-20 17:07:46.828071+00
eeed4340-90d2-42b4-8e5d-d88c5e8d1aad,,user_sites,INSERT,3b82e781-a277-43bc-8fab-b9e43ca64283,e0a94c66-47a3-4fff-811a-88a5eff00e07,"{""id"": ""3b82e781-a277-43bc-8fab-b9e43ca64283"", ""site_id"": ""e0a94c66-47a3-4fff-811a-88a5eff00e07"", ""user_id"": ""a95e54cf-055f-409c-a4ef-a6fbb11b2570"", ""created_at"": ""2026-06-20T17:10:06.768239+00:00""}",2026-06-20 17:10:06.768239+00
6f0f90ef-33cc-42dd-b96a-634e9bafe19c,,user_sites,INSERT,a1bbd870-4ce1-4c94-bdbf-71921cf244ed,7f0564c7-b4f6-41a2-91f0-983cb0273f57,"{""id"": ""a1bbd870-4ce1-4c94-bdbf-71921cf244ed"", ""site_id"": ""7f0564c7-b4f6-41a2-91f0-983cb0273f57"", ""user_id"": ""a95e54cf-055f-409c-a4ef-a6fbb11b2570"", ""created_at"": ""2026-06-20T17:10:06.768239+00:00""}",2026-06-20 17:10:06.768239+00
dca22fb5-f491-4de6-8408-7d67fdbc7056,,user_sites,INSERT,3672f96d-c24f-4b89-a127-175e149238f1,33565fa9-c510-4944-965b-b720ce097188,"{""id"": ""3672f96d-c24f-4b89-a127-175e149238f1"", ""site_id"": ""33565fa9-c510-4944-965b-b720ce097188"", ""user_id"": ""a95e54cf-055f-409c-a4ef-a6fbb11b2570"", ""created_at"": ""2026-06-20T17:10:06.768239+00:00""}",2026-06-20 17:10:06.768239+00
e8315400-86c9-4219-861b-9fad7e11e813,,user_roles,INSERT,a490de70-bbba-4778-b974-eb432f7e7073,e0a94c66-47a3-4fff-811a-88a5eff00e07,"{""id"": ""a490de70-bbba-4778-b974-eb432f7e7073"", ""role"": ""admin"", ""site_id"": ""e0a94c66-47a3-4fff-811a-88a5eff00e07"", ""user_id"": ""a95e54cf-055f-409c-a4ef-a6fbb11b2570"", ""created_at"": ""2026-06-20T17:10:06.768239+00:00""}",2026-06-20 17:10:06.768239+00
65a3a7b9-1527-4eae-af29-561f961a2d43,,user_roles,INSERT,3b4a61ec-f9b6-4c43-b8d5-d385cf119770,7f0564c7-b4f6-41a2-91f0-983cb0273f57,"{""id"": ""3b4a61ec-f9b6-4c43-b8d5-d385cf119770"", ""role"": ""admin"", ""site_id"": ""7f0564c7-b4f6-41a2-91f0-983cb0273f57"", ""user_id"": ""a95e54cf-055f-409c-a4ef-a6fbb11b2570"", ""created_at"": ""2026-06-20T17:10:06.768239+00:00""}",2026-06-20 17:10:06.768239+00
d6a036d8-ef47-44ac-8381-b7cf0b9b4fa6,,user_roles,INSERT,f7fe7bf6-50e9-45ac-8cc4-ee51b7267d05,33565fa9-c510-4944-965b-b720ce097188,"{""id"": ""f7fe7bf6-50e9-45ac-8cc4-ee51b7267d05"", ""role"": ""admin"", ""site_id"": ""33565fa9-c510-4944-965b-b720ce097188"", ""user_id"": ""a95e54cf-055f-409c-a4ef-a6fbb11b2570"", ""created_at"": ""2026-06-20T17:10:06.768239+00:00""}",2026-06-20 17:10:06.768239+00
996a1cf7-eced-4ae4-92cd-9fc7c9460cf1,,sites,DELETE,e9925af4-e29c-471c-8515-723ea5a3d53c,,"{""id"": ""e9925af4-e29c-471c-8515-723ea5a3d53c"", ""name"": ""Main Site"", ""location"": ""Default Location"", ""created_at"": ""2026-04-18T09:19:08.005008+00:00"", ""updated_at"": ""2026-04-18T09:19:08.005008+00:00""}",2026-06-20 17:10:06.768239+00
fb9bb125-bee1-4678-b8b6-df660869251c,,user_sites,DELETE,3c38c049-7abf-4889-bcac-1ee29491f28a,e9925af4-e29c-471c-8515-723ea5a3d53c,"{""id"": ""3c38c049-7abf-4889-bcac-1ee29491f28a"", ""site_id"": ""e9925af4-e29c-471c-8515-723ea5a3d53c"", ""user_id"": ""a95e54cf-055f-409c-a4ef-a6fbb11b2570"", ""created_at"": ""2026-06-20T17:07:46.640388+00:00""}",2026-06-20 17:10:06.768239+00
2474d4c7-a974-42d3-8c8b-23c3ce741c84,,user_roles,DELETE,b8eb49a6-a5b9-4efe-af9a-4fec942f8433,e9925af4-e29c-471c-8515-723ea5a3d53c,"{""id"": ""b8eb49a6-a5b9-4efe-af9a-4fec942f8433"", ""role"": ""admin"", ""site_id"": ""e9925af4-e29c-471c-8515-723ea5a3d53c"", ""user_id"": ""a95e54cf-055f-409c-a4ef-a6fbb11b2570"", ""created_at"": ""2026-06-20T17:07:46.828071+00:00""}",2026-06-20 17:10:06.768239+00
060e7fb3-ee3e-4685-8b9b-f6f5a4a3135c,,user_sites,INSERT,d2fc17c1-8485-436a-825d-9c92c7a184e6,7f0564c7-b4f6-41a2-91f0-983cb0273f57,"{""id"": ""d2fc17c1-8485-436a-825d-9c92c7a184e6"", ""site_id"": ""7f0564c7-b4f6-41a2-91f0-983cb0273f57"", ""user_id"": ""7fb8207b-81e2-4451-9fc7-bb998076273f"", ""created_at"": ""2026-06-21T16:25:11.748144+00:00""}",2026-06-21 16:25:11.748144+00
a1edcb38-b506-4c30-a016-14fc2d89c266,,user_roles,INSERT,ddf9a63c-26a4-4976-a233-3e2dd9137178,7f0564c7-b4f6-41a2-91f0-983cb0273f57,"{""id"": ""ddf9a63c-26a4-4976-a233-3e2dd9137178"", ""role"": ""member"", ""site_id"": ""7f0564c7-b4f6-41a2-91f0-983cb0273f57"", ""user_id"": ""7fb8207b-81e2-4451-9fc7-bb998076273f"", ""created_at"": ""2026-06-21T16:25:11.843657+00:00""}",2026-06-21 16:25:11.843657+00
73b0d0d3-34eb-4dc6-a003-9932f546da24,a95e54cf-055f-409c-a4ef-a6fbb11b2570,waste_entries,INSERT,69c000b6-4d9d-43fc-9569-cb04c2895383,e0a94c66-47a3-4fff-811a-88a5eff00e07,"{""id"": ""69c000b6-4d9d-43fc-9569-cb04c2895383"", ""notes"": ""From main bearing "", ""site_id"": ""e0a94c66-47a3-4fff-811a-88a5eff00e07"", ""location"": ""KCTRE01"", ""quantity"": 30, ""created_at"": ""2026-06-21T16:50:40.848505+00:00"", ""created_by"": ""a95e54cf-055f-409c-a4ef-a6fbb11b2570"", ""updated_at"": ""2026-06-21T16:50:40.848505+00:00"", ""activity_type"": ""breakdown"", ""waste_type_id"": ""waste-grease"", ""generated_date"": ""2026-06-20"", ""waste_category"": ""hazardous"", ""disposal_batch_id"": null}",2026-06-21 16:50:40.848505+00
e0cac2e0-1ff1-44d8-a812-c3f068ea13f7,a95e54cf-055f-409c-a4ef-a6fbb11b2570,waste_entries,INSERT,35812313-a65c-4bbd-83fe-20219f2472d1,e0a94c66-47a3-4fff-811a-88a5eff00e07,"{""id"": ""35812313-a65c-4bbd-83fe-20219f2472d1"", ""notes"": ""Gearbox oil"", ""site_id"": ""e0a94c66-47a3-4fff-811a-88a5eff00e07"", ""location"": ""KCTRE03"", ""quantity"": 20, ""created_at"": ""2026-06-21T16:51:09.731316+00:00"", ""created_by"": ""a95e54cf-055f-409c-a4ef-a6fbb11b2570"", ""updated_at"": ""2026-06-21T16:51:09.731316+00:00"", ""activity_type"": ""breakdown"", ""waste_type_id"": ""waste-oil"", ""generated_date"": ""2026-06-21"", ""waste_category"": ""hazardous"", ""disposal_batch_id"": null}",2026-06-21 16:51:09.731316+00
e78ec6e2-30b0-4626-ba12-42be812a2e9b,a95e54cf-055f-409c-a4ef-a6fbb11b2570,waste_entries,INSERT,88728897-af29-4653-bf9d-d2b65e5e9644,e0a94c66-47a3-4fff-811a-88a5eff00e07,"{""id"": ""88728897-af29-4653-bf9d-d2b65e5e9644"", ""notes"": ""PM "", ""site_id"": ""e0a94c66-47a3-4fff-811a-88a5eff00e07"", ""location"": ""KCTRE09"", ""quantity"": 100, ""created_at"": ""2026-06-21T16:52:04.799721+00:00"", ""created_by"": ""a95e54cf-055f-409c-a4ef-a6fbb11b2570"", ""updated_at"": ""2026-06-21T16:52:04.799721+00:00"", ""activity_type"": ""preventive"", ""waste_type_id"": ""oil-cotton"", ""generated_date"": ""2026-03-01"", ""waste_category"": ""hazardous"", ""disposal_batch_id"": null}",2026-06-21 16:52:04.799721+00
38e667f6-c9f6-407a-9b2f-2a9d0c835f85,a95e54cf-055f-409c-a4ef-a6fbb11b2570,waste_entries,INSERT,4fe88f90-260e-43df-b8f7-c4219f8d8729,e0a94c66-47a3-4fff-811a-88a5eff00e07,"{""id"": ""4fe88f90-260e-43df-b8f7-c4219f8d8729"", ""notes"": ""Generator"", ""site_id"": ""e0a94c66-47a3-4fff-811a-88a5eff00e07"", ""location"": ""KCTRE08"", ""quantity"": 50, ""created_at"": ""2026-06-21T16:53:41.709461+00:00"", ""created_by"": ""a95e54cf-055f-409c-a4ef-a6fbb11b2570"", ""updated_at"": ""2026-06-21T16:53:41.709461+00:00"", ""activity_type"": ""preventive"", ""waste_type_id"": ""carbon-brush"", ""generated_date"": ""2026-03-06"", ""waste_category"": ""hazardous"", ""disposal_batch_id"": null}",2026-06-21 16:53:41.709461+00
e49348a6-b5ae-4a0f-b0a5-a3fb6abe3465,a95e54cf-055f-409c-a4ef-a6fbb11b2570,waste_entries,INSERT,3be5f09e-76ae-4c2d-99ab-cef63c0250e6,e0a94c66-47a3-4fff-811a-88a5eff00e07,"{""id"": ""3be5f09e-76ae-4c2d-99ab-cef63c0250e6"", ""notes"": null, ""site_id"": ""e0a94c66-47a3-4fff-811a-88a5eff00e07"", ""location"": ""GML139"", ""quantity"": 20, ""created_at"": ""2026-06-21T16:54:18.663648+00:00"", ""created_by"": ""a95e54cf-055f-409c-a4ef-a6fbb11b2570"", ""updated_at"": ""2026-06-21T16:54:18.663648+00:00"", ""activity_type"": ""breakdown"", ""waste_type_id"": ""hu-oil-filter"", ""generated_date"": ""2026-03-24"", ""waste_category"": ""hazardous"", ""disposal_batch_id"": null}",2026-06-21 16:54:18.663648+00
0310e6a3-e127-42c9-85fa-c4958196056a,a95e54cf-055f-409c-a4ef-a6fbb11b2570,waste_entries,INSERT,ebd87996-4857-4f14-8e5d-8b34aa3ed5d6,e0a94c66-47a3-4fff-811a-88a5eff00e07,"{""id"": ""ebd87996-4857-4f14-8e5d-8b34aa3ed5d6"", ""notes"": ""Ups replaced "", ""site_id"": ""e0a94c66-47a3-4fff-811a-88a5eff00e07"", ""location"": ""KCTRE02"", ""quantity"": 8, ""created_at"": ""2026-06-29T16:42:20.833967+00:00"", ""created_by"": ""a95e54cf-055f-409c-a4ef-a6fbb11b2570"", ""updated_at"": ""2026-06-29T16:42:20.833967+00:00"", ""activity_type"": ""breakdown"", ""waste_type_id"": ""used-batteries"", ""generated_date"": ""2026-06-29"", ""waste_category"": ""hazardous"", ""disposal_batch_id"": null}",2026-06-29 16:42:20.833967+00
17e21c19-6aa8-4113-b308-ed8c4cda0618,,user_sites,INSERT,b295d3f5-dc44-412a-bac6-8c8623ac0305,e0a94c66-47a3-4fff-811a-88a5eff00e07,"{""id"": ""b295d3f5-dc44-412a-bac6-8c8623ac0305"", ""site_id"": ""e0a94c66-47a3-4fff-811a-88a5eff00e07"", ""user_id"": ""ae6cf895-2da2-4039-b077-e6639a7aa896"", ""created_at"": ""2026-06-30T01:13:13.270128+00:00""}",2026-06-30 01:13:13.270128+00
9f4f93a1-f9f7-4d18-ab8c-b17ec0cc28f3,,user_roles,INSERT,630c90c5-0ee6-4605-910b-0fcabd3803f0,e0a94c66-47a3-4fff-811a-88a5eff00e07,"{""id"": ""630c90c5-0ee6-4605-910b-0fcabd3803f0"", ""role"": ""member"", ""site_id"": ""e0a94c66-47a3-4fff-811a-88a5eff00e07"", ""user_id"": ""ae6cf895-2da2-4039-b077-e6639a7aa896"", ""created_at"": ""2026-06-30T01:13:13.472606+00:00""}",2026-06-30 01:13:13.472606+00
b40b0942-75cb-49c3-bd5d-b43e889a37c6,ae6cf895-2da2-4039-b077-e6639a7aa896,waste_entries,INSERT,a0cfe1a1-d5af-4c42-aff1-994ca7754eb2,e0a94c66-47a3-4fff-811a-88a5eff00e07,"{""id"": ""a0cfe1a1-d5af-4c42-aff1-994ca7754eb2"", ""notes"": null, ""site_id"": ""e0a94c66-47a3-4fff-811a-88a5eff00e07"", ""location"": ""KCTRE07"", ""quantity"": 5, ""created_at"": ""2026-06-30T01:14:27.49901+00:00"", ""created_by"": ""ae6cf895-2da2-4039-b077-e6639a7aa896"", ""updated_at"": ""2026-06-30T01:14:27.49901+00:00"", ""activity_type"": ""breakdown"", ""waste_type_id"": ""plastic-waste"", ""generated_date"": ""2026-06-30"", ""waste_category"": ""non_hazardous"", ""disposal_batch_id"": null}",2026-06-30 01:14:27.49901+00
d057b89c-2bbe-4713-bac6-afae33fc86fe,a95e54cf-055f-409c-a4ef-a6fbb11b2570,waste_entries,INSERT,34cc5a07-75f5-4261-897b-ceaaa6454c2b,e0a94c66-47a3-4fff-811a-88a5eff00e07,"{""id"": ""34cc5a07-75f5-4261-897b-ceaaa6454c2b"", ""notes"": null, ""site_id"": ""e0a94c66-47a3-4fff-811a-88a5eff00e07"", ""location"": ""KCTRE02"", ""quantity"": 50, ""created_at"": ""2026-07-01T15:07:27.118268+00:00"", ""created_by"": ""a95e54cf-055f-409c-a4ef-a6fbb11b2570"", ""updated_at"": ""2026-07-01T15:07:27.118268+00:00"", ""activity_type"": ""breakdown"", ""waste_type_id"": ""paper-waste"", ""generated_date"": ""2026-07-01"", ""waste_category"": ""non_hazardous"", ""disposal_batch_id"": null}",2026-07-01 15:07:27.118268+00
e4ae0360-f8c0-4203-9a1b-d4b3cc951f67,,user_sites,INSERT,84d7b57c-da19-45b9-9e3c-f59892c0bc97,e0a94c66-47a3-4fff-811a-88a5eff00e07,"{""id"": ""84d7b57c-da19-45b9-9e3c-f59892c0bc97"", ""site_id"": ""e0a94c66-47a3-4fff-811a-88a5eff00e07"", ""user_id"": ""3eb1ec47-67b2-407a-b5c8-0545a66bffbf"", ""created_at"": ""2026-07-01T15:13:49.843171+00:00""}",2026-07-01 15:13:49.843171+00
17ff9302-d680-496a-8814-6cdaad9d0ad1,,user_roles,INSERT,1c85534a-918d-44b3-9f84-6c6a0cd77df9,e0a94c66-47a3-4fff-811a-88a5eff00e07,"{""id"": ""1c85534a-918d-44b3-9f84-6c6a0cd77df9"", ""role"": ""member"", ""site_id"": ""e0a94c66-47a3-4fff-811a-88a5eff00e07"", ""user_id"": ""3eb1ec47-67b2-407a-b5c8-0545a66bffbf"", ""created_at"": ""2026-07-01T15:13:50.011269+00:00""}",2026-07-01 15:13:50.011269+00
86d5180e-ca5c-443d-ad7a-018a79ff3bba,a95e54cf-055f-409c-a4ef-a6fbb11b2570,waste_entries,INSERT,ede32720-72ca-4d43-a38a-858341d37fca,e0a94c66-47a3-4fff-811a-88a5eff00e07,"{""id"": ""ede32720-72ca-4d43-a38a-858341d37fca"", ""notes"": null, ""site_id"": ""e0a94c66-47a3-4fff-811a-88a5eff00e07"", ""location"": ""KCTRE04"", ""quantity"": 5, ""created_at"": ""2026-07-02T06:33:03.462208+00:00"", ""created_by"": ""a95e54cf-055f-409c-a4ef-a6fbb11b2570"", ""updated_at"": ""2026-07-02T06:33:03.462208+00:00"", ""activity_type"": ""breakdown"", ""waste_type_id"": ""plastic-non-contaminated"", ""generated_date"": ""2026-07-02"", ""waste_category"": ""non_hazardous"", ""disposal_batch_id"": null}",2026-07-02 06:33:03.462208+00
2e1f71a5-fba8-4559-b710-5b88cb5faa1f,3eb1ec47-67b2-407a-b5c8-0545a66bffbf,waste_entries,INSERT,0e03eb48-b597-4858-a0ae-36eee29f9763,e0a94c66-47a3-4fff-811a-88a5eff00e07,"{""id"": ""0e03eb48-b597-4858-a0ae-36eee29f9763"", ""notes"": null, ""site_id"": ""e0a94c66-47a3-4fff-811a-88a5eff00e07"", ""location"": ""KCTRE05"", ""quantity"": 5, ""created_at"": ""2026-07-02T06:46:53.071008+00:00"", ""created_by"": ""3eb1ec47-67b2-407a-b5c8-0545a66bffbf"", ""updated_at"": ""2026-07-02T06:46:53.071008+00:00"", ""activity_type"": ""breakdown"", ""waste_type_id"": ""waste-oil"", ""generated_date"": ""2026-07-02"", ""waste_category"": ""hazardous"", ""disposal_batch_id"": null}",2026-07-02 06:46:53.071008+00
c1dadcf6-4d70-499d-9d81-9393e6037478,3eb1ec47-67b2-407a-b5c8-0545a66bffbf,waste_entries,INSERT,da51c05e-6e69-4fe8-860e-f28f1f817c5e,e0a94c66-47a3-4fff-811a-88a5eff00e07,"{""id"": ""da51c05e-6e69-4fe8-860e-f28f1f817c5e"", ""notes"": null, ""site_id"": ""e0a94c66-47a3-4fff-811a-88a5eff00e07"", ""location"": ""KCTRE06"", ""quantity"": 9, ""created_at"": ""2026-07-02T06:49:07.042752+00:00"", ""created_by"": ""3eb1ec47-67b2-407a-b5c8-0545a66bffbf"", ""updated_at"": ""2026-07-02T06:49:07.042752+00:00"", ""activity_type"": ""preventive"", ""waste_type_id"": ""oil-filters-misc"", ""generated_date"": ""2026-07-02"", ""waste_category"": ""hazardous"", ""disposal_batch_id"": null}",2026-07-02 06:49:07.042752+00
1fcd1bb7-a814-48cd-b706-ea05b5ce97cd,3eb1ec47-67b2-407a-b5c8-0545a66bffbf,waste_entries,INSERT,a353d114-d6cb-45af-9027-26782c1adb72,e0a94c66-47a3-4fff-811a-88a5eff00e07,"{""id"": ""a353d114-d6cb-45af-9027-26782c1adb72"", ""notes"": null, ""site_id"": ""e0a94c66-47a3-4fff-811a-88a5eff00e07"", ""location"": ""KCTRE07"", ""quantity"": 10, ""created_at"": ""2026-07-02T06:49:34.845977+00:00"", ""created_by"": ""3eb1ec47-67b2-407a-b5c8-0545a66bffbf"", ""updated_at"": ""2026-07-02T06:49:34.845977+00:00"", ""activity_type"": ""preventive"", ""waste_type_id"": ""waste-oil"", ""generated_date"": ""2026-07-02"", ""waste_category"": ""hazardous"", ""disposal_batch_id"": null}",2026-07-02 06:49:34.845977+00
c1a0e90b-e72b-4f41-a87a-c72ce7aee596,3eb1ec47-67b2-407a-b5c8-0545a66bffbf,waste_entries,INSERT,c082e93f-0db4-4241-a551-c29a75f86672,e0a94c66-47a3-4fff-811a-88a5eff00e07,"{""id"": ""c082e93f-0db4-4241-a551-c29a75f86672"", ""notes"": null, ""site_id"": ""e0a94c66-47a3-4fff-811a-88a5eff00e07"", ""location"": ""KCTRE10"", ""quantity"": 3, ""created_at"": ""2026-07-02T06:52:33.529198+00:00"", ""created_by"": ""3eb1ec47-67b2-407a-b5c8-0545a66bffbf"", ""updated_at"": ""2026-07-02T06:52:33.529198+00:00"", ""activity_type"": ""breakdown"", ""waste_type_id"": ""gb-oil-filter"", ""generated_date"": ""2026-07-02"", ""waste_category"": ""hazardous"", ""disposal_batch_id"": null}",2026-07-02 06:52:33.529198+00
e4de6688-b31b-4292-8939-4ae41fb6c461,3eb1ec47-67b2-407a-b5c8-0545a66bffbf,waste_entries,INSERT,6e62e539-c905-4a38-929c-d86e74b8a970,e0a94c66-47a3-4fff-811a-88a5eff00e07,"{""id"": ""6e62e539-c905-4a38-929c-d86e74b8a970"", ""notes"": null, ""site_id"": ""e0a94c66-47a3-4fff-811a-88a5eff00e07"", ""location"": ""GML45"", ""quantity"": 5, ""created_at"": ""2026-07-02T11:24:28.228169+00:00"", ""created_by"": ""3eb1ec47-67b2-407a-b5c8-0545a66bffbf"", ""updated_at"": ""2026-07-02T11:24:28.228169+00:00"", ""activity_type"": ""breakdown"", ""waste_type_id"": ""waste-oil"", ""generated_date"": ""2026-07-02"", ""waste_category"": ""hazardous"", ""disposal_batch_id"": null}",2026-07-02 11:24:28.228169+00
bb733721-036e-42e1-a2a2-9e7be6973928,3eb1ec47-67b2-407a-b5c8-0545a66bffbf,waste_entries,INSERT,b42632d3-6ead-4de2-b6e8-de2a940bf7d7,e0a94c66-47a3-4fff-811a-88a5eff00e07,"{""id"": ""b42632d3-6ead-4de2-b6e8-de2a940bf7d7"", ""notes"": null, ""site_id"": ""e0a94c66-47a3-4fff-811a-88a5eff00e07"", ""location"": ""GML139"", ""quantity"": 5, ""created_at"": ""2026-07-03T14:34:06.879721+00:00"", ""created_by"": ""3eb1ec47-67b2-407a-b5c8-0545a66bffbf"", ""updated_at"": ""2026-07-03T14:34:06.879721+00:00"", ""activity_type"": ""breakdown"", ""waste_type_id"": ""gb-oil-filter"", ""generated_date"": ""2026-07-03"", ""waste_category"": ""hazardous"", ""disposal_batch_id"": null}",2026-07-03 14:34:06.879721+00
77bfc4f2-4cc8-43ed-9f28-f2ce4fb1c8e8,3eb1ec47-67b2-407a-b5c8-0545a66bffbf,waste_entries,INSERT,0e139c80-eae6-42e1-8bab-a0fd4ce4fc42,e0a94c66-47a3-4fff-811a-88a5eff00e07,"{""id"": ""0e139c80-eae6-42e1-8bab-a0fd4ce4fc42"", ""notes"": null, ""site_id"": ""e0a94c66-47a3-4fff-811a-88a5eff00e07"", ""location"": ""GML70"", ""quantity"": 20, ""created_at"": ""2026-07-03T14:35:35.218368+00:00"", ""created_by"": ""3eb1ec47-67b2-407a-b5c8-0545a66bffbf"", ""updated_at"": ""2026-07-03T14:35:35.218368+00:00"", ""activity_type"": ""preventive"", ""waste_type_id"": ""carbon-brush"", ""generated_date"": ""2026-07-03"", ""waste_category"": ""hazardous"", ""disposal_batch_id"": null}",2026-07-03 14:35:35.218368+00
a2557db8-a0b3-4121-b3a4-5a1eaf147a10,a95e54cf-055f-409c-a4ef-a6fbb11b2570,waste_entries,INSERT,e74848d2-7bfc-406a-becd-ea6937c72963,7f0564c7-b4f6-41a2-91f0-983cb0273f57,"{""id"": ""e74848d2-7bfc-406a-becd-ea6937c72963"", ""notes"": null, ""site_id"": ""7f0564c7-b4f6-41a2-91f0-983cb0273f57"", ""location"": ""G-442"", ""quantity"": 20, ""created_at"": ""2026-07-04T00:31:57.296963+00:00"", ""created_by"": ""a95e54cf-055f-409c-a4ef-a6fbb11b2570"", ""updated_at"": ""2026-07-04T00:31:57.296963+00:00"", ""activity_type"": ""preventive"", ""waste_type_id"": ""waste-oil"", ""generated_date"": ""2026-07-04"", ""waste_category"": ""hazardous"", ""disposal_batch_id"": null}",2026-07-04 00:31:57.296963+00
e077a41e-82e6-4705-ba56-102242917561,a95e54cf-055f-409c-a4ef-a6fbb11b2570,waste_entries,INSERT,e81b91f7-ac10-4350-94d6-5fcc3d2457dc,7f0564c7-b4f6-41a2-91f0-983cb0273f57,"{""id"": ""e81b91f7-ac10-4350-94d6-5fcc3d2457dc"", ""notes"": null, ""site_id"": ""7f0564c7-b4f6-41a2-91f0-983cb0273f57"", ""location"": ""G3-08"", ""quantity"": 30, ""created_at"": ""2026-07-04T00:33:26.214258+00:00"", ""created_by"": ""a95e54cf-055f-409c-a4ef-a6fbb11b2570"", ""updated_at"": ""2026-07-04T00:33:26.214258+00:00"", ""activity_type"": ""breakdown"", ""waste_type_id"": ""waste-grease"", ""generated_date"": ""2026-04-01"", ""waste_category"": ""hazardous"", ""disposal_batch_id"": null}",2026-07-04 00:33:26.214258+00
b5d195df-0521-4672-bb6d-f7c9f045ca79,a95e54cf-055f-409c-a4ef-a6fbb11b2570,waste_entries,INSERT,94c198f6-b6e0-4aa6-961b-8a24abc8f1e7,7f0564c7-b4f6-41a2-91f0-983cb0273f57,"{""id"": ""94c198f6-b6e0-4aa6-961b-8a24abc8f1e7"", ""notes"": null, ""site_id"": ""7f0564c7-b4f6-41a2-91f0-983cb0273f57"", ""location"": ""Hazardous Shed"", ""quantity"": 10, ""created_at"": ""2026-07-04T00:34:42.480774+00:00"", ""created_by"": ""a95e54cf-055f-409c-a4ef-a6fbb11b2570"", ""updated_at"": ""2026-07-04T00:34:42.480774+00:00"", ""activity_type"": ""preventive"", ""waste_type_id"": ""plastic-waste"", ""generated_date"": ""2026-05-01"", ""waste_category"": ""hazardous"", ""disposal_batch_id"": null}",2026-07-04 00:34:42.480774+00
de2c7e4f-ba64-4d7e-b83a-a3d7329b9bff,a95e54cf-055f-409c-a4ef-a6fbb11b2570,waste_entries,INSERT,de8d9f8c-dc7e-4087-80ca-5e5b04a6c69e,7f0564c7-b4f6-41a2-91f0-983cb0273f57,"{""id"": ""de8d9f8c-dc7e-4087-80ca-5e5b04a6c69e"", ""notes"": null, ""site_id"": ""7f0564c7-b4f6-41a2-91f0-983cb0273f57"", ""location"": ""G3-31"", ""quantity"": 20, ""created_at"": ""2026-07-04T00:35:16.986599+00:00"", ""created_by"": ""a95e54cf-055f-409c-a4ef-a6fbb11b2570"", ""updated_at"": ""2026-07-04T00:35:16.986599+00:00"", ""activity_type"": ""preventive"", ""waste_type_id"": ""carbon-brush"", ""generated_date"": ""2026-07-04"", ""waste_category"": ""hazardous"", ""disposal_batch_id"": null}",2026-07-04 00:35:16.986599+00
b282c8d1-289b-4c79-836b-c57e4b2c7c6d,a95e54cf-055f-409c-a4ef-a6fbb11b2570,waste_entries,INSERT,d7fb812d-cbd6-4da6-89a2-f8bb99b92157,33565fa9-c510-4944-965b-b720ce097188,"{""id"": ""d7fb812d-cbd6-4da6-89a2-f8bb99b92157"", ""notes"": null, ""site_id"": ""33565fa9-c510-4944-965b-b720ce097188"", ""location"": ""KCT01"", ""quantity"": 5, ""created_at"": ""2026-07-04T00:37:15.685409+00:00"", ""created_by"": ""a95e54cf-055f-409c-a4ef-a6fbb11b2570"", ""updated_at"": ""2026-07-04T00:37:15.685409+00:00"", ""activity_type"": ""breakdown"", ""waste_type_id"": ""plastic-non-contaminated"", ""generated_date"": ""2026-07-04"", ""waste_category"": ""non_hazardous"", ""disposal_batch_id"": null}",2026-07-04 00:37:15.685409+00
2e1ff5c9-63c3-427f-a0ea-784236e37b83,a95e54cf-055f-409c-a4ef-a6fbb11b2570,waste_entries,INSERT,6dc23059-ba08-4e1d-927c-01f50681cb6c,33565fa9-c510-4944-965b-b720ce097188,"{""id"": ""6dc23059-ba08-4e1d-927c-01f50681cb6c"", ""notes"": null, ""site_id"": ""33565fa9-c510-4944-965b-b720ce097188"", ""location"": ""KCT04"", ""quantity"": 8, ""created_at"": ""2026-07-04T00:37:35.77847+00:00"", ""created_by"": ""a95e54cf-055f-409c-a4ef-a6fbb11b2570"", ""updated_at"": ""2026-07-04T00:37:35.77847+00:00"", ""activity_type"": ""breakdown"", ""waste_type_id"": ""used-batteries"", ""generated_date"": ""2026-07-04"", ""waste_category"": ""hazardous"", ""disposal_batch_id"": null}",2026-07-04 00:37:35.77847+00
76dd41ba-2bb5-42ec-bd96-de58188d7bf6,a95e54cf-055f-409c-a4ef-a6fbb11b2570,waste_entries,INSERT,4937b3f1-63c4-466a-8098-0e541cde5944,33565fa9-c510-4944-965b-b720ce097188,"{""id"": ""4937b3f1-63c4-466a-8098-0e541cde5944"", ""notes"": null, ""site_id"": ""33565fa9-c510-4944-965b-b720ce097188"", ""location"": ""KCT05"", ""quantity"": 20, ""created_at"": ""2026-07-04T00:38:09.275089+00:00"", ""created_by"": ""a95e54cf-055f-409c-a4ef-a6fbb11b2570"", ""updated_at"": ""2026-07-04T00:38:09.275089+00:00"", ""activity_type"": ""preventive"", ""waste_type_id"": ""waste-grease"", ""generated_date"": ""2026-07-04"", ""waste_category"": ""hazardous"", ""disposal_batch_id"": null}",2026-07-04 00:38:09.275089+00
9b16142c-bfc1-43cc-baf3-3b9b87ab950b,,user_sites,INSERT,48dbcb12-fc0d-4637-8301-14bf8adc4fdf,7f0564c7-b4f6-41a2-91f0-983cb0273f57,"{""id"": ""48dbcb12-fc0d-4637-8301-14bf8adc4fdf"", ""site_id"": ""7f0564c7-b4f6-41a2-91f0-983cb0273f57"", ""user_id"": ""041d1716-2617-4774-95f0-c5597e7484f0"", ""created_at"": ""2026-07-04T00:42:47.374957+00:00""}",2026-07-04 00:42:47.374957+00
b9073e4f-bd0e-4b8a-b8d9-3770a3d52bbf,,user_roles,INSERT,17de260c-bb3c-44ae-88b4-d4a25a38b4de,7f0564c7-b4f6-41a2-91f0-983cb0273f57,"{""id"": ""17de260c-bb3c-44ae-88b4-d4a25a38b4de"", ""role"": ""member"", ""site_id"": ""7f0564c7-b4f6-41a2-91f0-983cb0273f57"", ""user_id"": ""041d1716-2617-4774-95f0-c5597e7484f0"", ""created_at"": ""2026-07-04T00:42:47.48135+00:00""}",2026-07-04 00:42:47.48135+00
24876063-f7a5-4c5d-87ca-1cf4ce743ab7,a95e54cf-055f-409c-a4ef-a6fbb11b2570,waste_entries,INSERT,38cedcee-76c1-4396-8f59-3a8dc9018867,e0a94c66-47a3-4fff-811a-88a5eff00e07,"{""id"": ""38cedcee-76c1-4396-8f59-3a8dc9018867"", ""notes"": null, ""site_id"": ""e0a94c66-47a3-4fff-811a-88a5eff00e07"", ""location"": ""KCTRE06"", ""quantity"": 9, ""created_at"": ""2026-07-04T13:50:49.875753+00:00"", ""created_by"": ""a95e54cf-055f-409c-a4ef-a6fbb11b2570"", ""updated_at"": ""2026-07-04T13:50:49.875753+00:00"", ""activity_type"": ""preventive"", ""waste_type_id"": ""hu-oil-filter"", ""generated_date"": ""2026-07-04"", ""waste_category"": ""hazardous"", ""disposal_batch_id"": null}",2026-07-04 13:50:49.875753+00
e885eb1f-bc10-41db-9536-fd6f28bb65b4,a95e54cf-055f-409c-a4ef-a6fbb11b2570,waste_entries,INSERT,10644b9a-85ae-4735-acee-e8d5faacc717,e0a94c66-47a3-4fff-811a-88a5eff00e07,"{""id"": ""10644b9a-85ae-4735-acee-e8d5faacc717"", ""notes"": null, ""site_id"": ""e0a94c66-47a3-4fff-811a-88a5eff00e07"", ""location"": ""KCTRE15"", ""quantity"": 5, ""created_at"": ""2026-07-04T14:55:11.161991+00:00"", ""created_by"": ""a95e54cf-055f-409c-a4ef-a6fbb11b2570"", ""updated_at"": ""2026-07-04T14:55:11.161991+00:00"", ""activity_type"": ""5s"", ""waste_type_id"": ""gb-oil-filter"", ""generated_date"": ""2026-07-04"", ""waste_category"": ""hazardous"", ""disposal_batch_id"": null}",2026-07-04 14:55:11.161991+00
2834c067-5e4f-4718-9d32-28c7b37690d4,,waste_entries,UPDATE,69c000b6-4d9d-43fc-9569-cb04c2895383,e0a94c66-47a3-4fff-811a-88a5eff00e07,"{""id"": ""69c000b6-4d9d-43fc-9569-cb04c2895383"", ""notes"": ""From main bearing "", ""site_id"": ""e0a94c66-47a3-4fff-811a-88a5eff00e07"", ""location"": ""KCTRE01"", ""quantity"": 30, ""weight_kg"": 30, ""created_at"": ""2026-06-21T16:50:40.848505+00:00"", ""created_by"": ""a95e54cf-055f-409c-a4ef-a6fbb11b2570"", ""updated_at"": ""2026-07-06T05:21:49.392414+00:00"", ""piece_count"": null, ""activity_type"": ""breakdown"", ""waste_type_id"": ""waste-grease"", ""generated_date"": ""2026-06-20"", ""waste_category"": ""hazardous"", ""disposal_batch_id"": null}",2026-07-06 05:21:49.392414+00
b5a6f1ab-db98-4ebb-81a1-74ad017e66a0,,waste_entries,UPDATE,35812313-a65c-4bbd-83fe-20219f2472d1,e0a94c66-47a3-4fff-811a-88a5eff00e07,"{""id"": ""35812313-a65c-4bbd-83fe-20219f2472d1"", ""notes"": ""Gearbox oil"", ""site_id"": ""e0a94c66-47a3-4fff-811a-88a5eff00e07"", ""location"": ""KCTRE03"", ""quantity"": 20, ""weight_kg"": 20, ""created_at"": ""2026-06-21T16:51:09.731316+00:00"", ""created_by"": ""a95e54cf-055f-409c-a4ef-a6fbb11b2570"", ""updated_at"": ""2026-07-06T05:21:49.392414+00:00"", ""piece_count"": null, ""activity_type"": ""breakdown"", ""waste_type_id"": ""waste-oil"", ""generated_date"": ""2026-06-21"", ""waste_category"": ""hazardous"", ""disposal_batch_id"": null}",2026-07-06 05:21:49.392414+00
b04e63ed-0f24-4174-9669-4322d97798ab,,waste_entries,UPDATE,88728897-af29-4653-bf9d-d2b65e5e9644,e0a94c66-47a3-4fff-811a-88a5eff00e07,"{""id"": ""88728897-af29-4653-bf9d-d2b65e5e9644"", ""notes"": ""PM "", ""site_id"": ""e0a94c66-47a3-4fff-811a-88a5eff00e07"", ""location"": ""KCTRE09"", ""quantity"": 100, ""weight_kg"": 100, ""created_at"": ""2026-06-21T16:52:04.799721+00:00"", ""created_by"": ""a95e54cf-055f-409c-a4ef-a6fbb11b2570"", ""updated_at"": ""2026-07-06T05:21:49.392414+00:00"", ""piece_count"": null, ""activity_type"": ""preventive"", ""waste_type_id"": ""oil-cotton"", ""generated_date"": ""2026-03-01"", ""waste_category"": ""hazardous"", ""disposal_batch_id"": null}",2026-07-06 05:21:49.392414+00
260a17d3-367f-4ca4-a4e0-ecd7814c401a,,waste_entries,UPDATE,4fe88f90-260e-43df-b8f7-c4219f8d8729,e0a94c66-47a3-4fff-811a-88a5eff00e07,"{""id"": ""4fe88f90-260e-43df-b8f7-c4219f8d8729"", ""notes"": ""Generator"", ""site_id"": ""e0a94c66-47a3-4fff-811a-88a5eff00e07"", ""location"": ""KCTRE08"", ""quantity"": 50, ""weight_kg"": 50, ""created_at"": ""2026-06-21T16:53:41.709461+00:00"", ""created_by"": ""a95e54cf-055f-409c-a4ef-a6fbb11b2570"", ""updated_at"": ""2026-07-06T05:21:49.392414+00:00"", ""piece_count"": null, ""activity_type"": ""preventive"", ""waste_type_id"": ""carbon-brush"", ""generated_date"": ""2026-03-06"", ""waste_category"": ""hazardous"", ""disposal_batch_id"": null}",2026-07-06 05:21:49.392414+00
5fc6774f-2a91-43cc-87d4-00b146cf399b,,waste_entries,UPDATE,3be5f09e-76ae-4c2d-99ab-cef63c0250e6,e0a94c66-47a3-4fff-811a-88a5eff00e07,"{""id"": ""3be5f09e-76ae-4c2d-99ab-cef63c0250e6"", ""notes"": null, ""site_id"": ""e0a94c66-47a3-4fff-811a-88a5eff00e07"", ""location"": ""GML139"", ""quantity"": 20, ""weight_kg"": 20, ""created_at"": ""2026-06-21T16:54:18.663648+00:00"", ""created_by"": ""a95e54cf-055f-409c-a4ef-a6fbb11b2570"", ""updated_at"": ""2026-07-06T05:21:49.392414+00:00"", ""piece_count"": null, ""activity_type"": ""breakdown"", ""waste_type_id"": ""hu-oil-filter"", ""generated_date"": ""2026-03-24"", ""waste_category"": ""hazardous"", ""disposal_batch_id"": null}",2026-07-06 05:21:49.392414+00
3303d047-2fd6-40e6-bf55-fadfaa047ba7,,waste_entries,UPDATE,ebd87996-4857-4f14-8e5d-8b34aa3ed5d6,e0a94c66-47a3-4fff-811a-88a5eff00e07,"{""id"": ""ebd87996-4857-4f14-8e5d-8b34aa3ed5d6"", ""notes"": ""Ups replaced "", ""site_id"": ""e0a94c66-47a3-4fff-811a-88a5eff00e07"", ""location"": ""KCTRE02"", ""quantity"": 8, ""weight_kg"": 8, ""created_at"": ""2026-06-29T16:42:20.833967+00:00"", ""created_by"": ""a95e54cf-055f-409c-a4ef-a6fbb11b2570"", ""updated_at"": ""2026-07-06T05:21:49.392414+00:00"", ""piece_count"": null, ""activity_type"": ""breakdown"", ""waste_type_id"": ""used-batteries"", ""generated_date"": ""2026-06-29"", ""waste_category"": ""hazardous"", ""disposal_batch_id"": null}",2026-07-06 05:21:49.392414+00
2f3553de-c115-44b1-86e2-3ee201609789,,waste_entries,UPDATE,a0cfe1a1-d5af-4c42-aff1-994ca7754eb2,e0a94c66-47a3-4fff-811a-88a5eff00e07,"{""id"": ""a0cfe1a1-d5af-4c42-aff1-994ca7754eb2"", ""notes"": null, ""site_id"": ""e0a94c66-47a3-4fff-811a-88a5eff00e07"", ""location"": ""KCTRE07"", ""quantity"": 5, ""weight_kg"": 5, ""created_at"": ""2026-06-30T01:14:27.49901+00:00"", ""created_by"": ""ae6cf895-2da2-4039-b077-e6639a7aa896"", ""updated_at"": ""2026-07-06T05:21:49.392414+00:00"", ""piece_count"": null, ""activity_type"": ""breakdown"", ""waste_type_id"": ""plastic-waste"", ""generated_date"": ""2026-06-30"", ""waste_category"": ""non_hazardous"", ""disposal_batch_id"": null}",2026-07-06 05:21:49.392414+00
bf33001e-dacd-4a44-9d68-b8696cbdf28e,,waste_entries,UPDATE,34cc5a07-75f5-4261-897b-ceaaa6454c2b,e0a94c66-47a3-4fff-811a-88a5eff00e07,"{""id"": ""34cc5a07-75f5-4261-897b-ceaaa6454c2b"", ""notes"": null, ""site_id"": ""e0a94c66-47a3-4fff-811a-88a5eff00e07"", ""location"": ""KCTRE02"", ""quantity"": 50, ""weight_kg"": 50, ""created_at"": ""2026-07-01T15:07:27.118268+00:00"", ""created_by"": ""a95e54cf-055f-409c-a4ef-a6fbb11b2570"", ""updated_at"": ""2026-07-06T05:21:49.392414+00:00"", ""piece_count"": null, ""activity_type"": ""breakdown"", ""waste_type_id"": ""paper-waste"", ""generated_date"": ""2026-07-01"", ""waste_category"": ""non_hazardous"", ""disposal_batch_id"": null}",2026-07-06 05:21:49.392414+00
fcf95af2-1343-4a81-8898-022f70c08565,,waste_entries,UPDATE,ede32720-72ca-4d43-a38a-858341d37fca,e0a94c66-47a3-4fff-811a-88a5eff00e07,"{""id"": ""ede32720-72ca-4d43-a38a-858341d37fca"", ""notes"": null, ""site_id"": ""e0a94c66-47a3-4fff-811a-88a5eff00e07"", ""location"": ""KCTRE04"", ""quantity"": 5, ""weight_kg"": 5, ""created_at"": ""2026-07-02T06:33:03.462208+00:00"", ""created_by"": ""a95e54cf-055f-409c-a4ef-a6fbb11b2570"", ""updated_at"": ""2026-07-06T05:21:49.392414+00:00"", ""piece_count"": null, ""activity_type"": ""breakdown"", ""waste_type_id"": ""plastic-non-contaminated"", ""generated_date"": ""2026-07-02"", ""waste_category"": ""non_hazardous"", ""disposal_batch_id"": null}",2026-07-06 05:21:49.392414+00
25c8c5b0-4ac2-4462-9de3-0cc97e52287a,,waste_entries,UPDATE,0e03eb48-b597-4858-a0ae-36eee29f9763,e0a94c66-47a3-4fff-811a-88a5eff00e07,"{""id"": ""0e03eb48-b597-4858-a0ae-36eee29f9763"", ""notes"": null, ""site_id"": ""e0a94c66-47a3-4fff-811a-88a5eff00e07"", ""location"": ""KCTRE05"", ""quantity"": 5, ""weight_kg"": 5, ""created_at"": ""2026-07-02T06:46:53.071008+00:00"", ""created_by"": ""3eb1ec47-67b2-407a-b5c8-0545a66bffbf"", ""updated_at"": ""2026-07-06T05:21:49.392414+00:00"", ""piece_count"": null, ""activity_type"": ""breakdown"", ""waste_type_id"": ""waste-oil"", ""generated_date"": ""2026-07-02"", ""waste_category"": ""hazardous"", ""disposal_batch_id"": null}",2026-07-06 05:21:49.392414+00
a004e29d-6abc-4f56-968a-1415761cc02c,,waste_entries,UPDATE,da51c05e-6e69-4fe8-860e-f28f1f817c5e,e0a94c66-47a3-4fff-811a-88a5eff00e07,"{""id"": ""da51c05e-6e69-4fe8-860e-f28f1f817c5e"", ""notes"": null, ""site_id"": ""e0a94c66-47a3-4fff-811a-88a5eff00e07"", ""location"": ""KCTRE06"", ""quantity"": 9, ""weight_kg"": 9, ""created_at"": ""2026-07-02T06:49:07.042752+00:00"", ""created_by"": ""3eb1ec47-67b2-407a-b5c8-0545a66bffbf"", ""updated_at"": ""2026-07-06T05:21:49.392414+00:00"", ""piece_count"": null, ""activity_type"": ""preventive"", ""waste_type_id"": ""oil-filters-misc"", ""generated_date"": ""2026-07-02"", ""waste_category"": ""hazardous"", ""disposal_batch_id"": null}",2026-07-06 05:21:49.392414+00
4fd8ddb0-886e-4538-9def-fd07bbcabf88,,waste_entries,UPDATE,a353d114-d6cb-45af-9027-26782c1adb72,e0a94c66-47a3-4fff-811a-88a5eff00e07,"{""id"": ""a353d114-d6cb-45af-9027-26782c1adb72"", ""notes"": null, ""site_id"": ""e0a94c66-47a3-4fff-811a-88a5eff00e07"", ""location"": ""KCTRE07"", ""quantity"": 10, ""weight_kg"": 10, ""created_at"": ""2026-07-02T06:49:34.845977+00:00"", ""created_by"": ""3eb1ec47-67b2-407a-b5c8-0545a66bffbf"", ""updated_at"": ""2026-07-06T05:21:49.392414+00:00"", ""piece_count"": null, ""activity_type"": ""preventive"", ""waste_type_id"": ""waste-oil"", ""generated_date"": ""2026-07-02"", ""waste_category"": ""hazardous"", ""disposal_batch_id"": null}",2026-07-06 05:21:49.392414+00
7c8af993-33f4-44c2-ba76-3d2bd49cc52b,,waste_entries,UPDATE,c082e93f-0db4-4241-a551-c29a75f86672,e0a94c66-47a3-4fff-811a-88a5eff00e07,"{""id"": ""c082e93f-0db4-4241-a551-c29a75f86672"", ""notes"": null, ""site_id"": ""e0a94c66-47a3-4fff-811a-88a5eff00e07"", ""location"": ""KCTRE10"", ""quantity"": 3, ""weight_kg"": 3, ""created_at"": ""2026-07-02T06:52:33.529198+00:00"", ""created_by"": ""3eb1ec47-67b2-407a-b5c8-0545a66bffbf"", ""updated_at"": ""2026-07-06T05:21:49.392414+00:00"", ""piece_count"": null, ""activity_type"": ""breakdown"", ""waste_type_id"": ""gb-oil-filter"", ""generated_date"": ""2026-07-02"", ""waste_category"": ""hazardous"", ""disposal_batch_id"": null}",2026-07-06 05:21:49.392414+00
a5b5e080-4346-45e0-a2ab-ef801949c773,,waste_entries,UPDATE,6e62e539-c905-4a38-929c-d86e74b8a970,e0a94c66-47a3-4fff-811a-88a5eff00e07,"{""id"": ""6e62e539-c905-4a38-929c-d86e74b8a970"", ""notes"": null, ""site_id"": ""e0a94c66-47a3-4fff-811a-88a5eff00e07"", ""location"": ""GML45"", ""quantity"": 5, ""weight_kg"": 5, ""created_at"": ""2026-07-02T11:24:28.228169+00:00"", ""created_by"": ""3eb1ec47-67b2-407a-b5c8-0545a66bffbf"", ""updated_at"": ""2026-07-06T05:21:49.392414+00:00"", ""piece_count"": null, ""activity_type"": ""breakdown"", ""waste_type_id"": ""waste-oil"", ""generated_date"": ""2026-07-02"", ""waste_category"": ""hazardous"", ""disposal_batch_id"": null}",2026-07-06 05:21:49.392414+00
eaf03c0f-2437-4a0c-af8e-354edea61d54,,waste_entries,UPDATE,b42632d3-6ead-4de2-b6e8-de2a940bf7d7,e0a94c66-47a3-4fff-811a-88a5eff00e07,"{""id"": ""b42632d3-6ead-4de2-b6e8-de2a940bf7d7"", ""notes"": null, ""site_id"": ""e0a94c66-47a3-4fff-811a-88a5eff00e07"", ""location"": ""GML139"", ""quantity"": 5, ""weight_kg"": 5, ""created_at"": ""2026-07-03T14:34:06.879721+00:00"", ""created_by"": ""3eb1ec47-67b2-407a-b5c8-0545a66bffbf"", ""updated_at"": ""2026-07-06T05:21:49.392414+00:00"", ""piece_count"": null, ""activity_type"": ""breakdown"", ""waste_type_id"": ""gb-oil-filter"", ""generated_date"": ""2026-07-03"", ""waste_category"": ""hazardous"", ""disposal_batch_id"": null}",2026-07-06 05:21:49.392414+00
15a12c13-887c-42ee-ac6f-e470ed9217e0,,waste_entries,UPDATE,0e139c80-eae6-42e1-8bab-a0fd4ce4fc42,e0a94c66-47a3-4fff-811a-88a5eff00e07,"{""id"": ""0e139c80-eae6-42e1-8bab-a0fd4ce4fc42"", ""notes"": null, ""site_id"": ""e0a94c66-47a3-4fff-811a-88a5eff00e07"", ""location"": ""GML70"", ""quantity"": 20, ""weight_kg"": 20, ""created_at"": ""2026-07-03T14:35:35.218368+00:00"", ""created_by"": ""3eb1ec47-67b2-407a-b5c8-0545a66bffbf"", ""updated_at"": ""2026-07-06T05:21:49.392414+00:00"", ""piece_count"": null, ""activity_type"": ""preventive"", ""waste_type_id"": ""carbon-brush"", ""generated_date"": ""2026-07-03"", ""waste_category"": ""hazardous"", ""disposal_batch_id"": null}",2026-07-06 05:21:49.392414+00
1aedacf0-c707-4e19-9a1d-ffb0ffdf5337,,waste_entries,UPDATE,e74848d2-7bfc-406a-becd-ea6937c72963,7f0564c7-b4f6-41a2-91f0-983cb0273f57,"{""id"": ""e74848d2-7bfc-406a-becd-ea6937c72963"", ""notes"": null, ""site_id"": ""7f0564c7-b4f6-41a2-91f0-983cb0273f57"", ""location"": ""G-442"", ""quantity"": 20, ""weight_kg"": 20, ""created_at"": ""2026-07-04T00:31:57.296963+00:00"", ""created_by"": ""a95e54cf-055f-409c-a4ef-a6fbb11b2570"", ""updated_at"": ""2026-07-06T05:21:49.392414+00:00"", ""piece_count"": null, ""activity_type"": ""preventive"", ""waste_type_id"": ""waste-oil"", ""generated_date"": ""2026-07-04"", ""waste_category"": ""hazardous"", ""disposal_batch_id"": null}",2026-07-06 05:21:49.392414+00
dc6dbc45-df58-413f-a3bd-4a15be37d0ae,,waste_entries,UPDATE,e81b91f7-ac10-4350-94d6-5fcc3d2457dc,7f0564c7-b4f6-41a2-91f0-983cb0273f57,"{""id"": ""e81b91f7-ac10-4350-94d6-5fcc3d2457dc"", ""notes"": null, ""site_id"": ""7f0564c7-b4f6-41a2-91f0-983cb0273f57"", ""location"": ""G3-08"", ""quantity"": 30, ""weight_kg"": 30, ""created_at"": ""2026-07-04T00:33:26.214258+00:00"", ""created_by"": ""a95e54cf-055f-409c-a4ef-a6fbb11b2570"", ""updated_at"": ""2026-07-06T05:21:49.392414+00:00"", ""piece_count"": null, ""activity_type"": ""breakdown"", ""waste_type_id"": ""waste-grease"", ""generated_date"": ""2026-04-01"", ""waste_category"": ""hazardous"", ""disposal_batch_id"": null}",2026-07-06 05:21:49.392414+00
28d33dca-7709-429b-bb5f-a16847ad3df4,,waste_entries,UPDATE,94c198f6-b6e0-4aa6-961b-8a24abc8f1e7,7f0564c7-b4f6-41a2-91f0-983cb0273f57,"{""id"": ""94c198f6-b6e0-4aa6-961b-8a24abc8f1e7"", ""notes"": null, ""site_id"": ""7f0564c7-b4f6-41a2-91f0-983cb0273f57"", ""location"": ""Hazardous Shed"", ""quantity"": 10, ""weight_kg"": 10, ""created_at"": ""2026-07-04T00:34:42.480774+00:00"", ""created_by"": ""a95e54cf-055f-409c-a4ef-a6fbb11b2570"", ""updated_at"": ""2026-07-06T05:21:49.392414+00:00"", ""piece_count"": null, ""activity_type"": ""preventive"", ""waste_type_id"": ""plastic-waste"", ""generated_date"": ""2026-05-01"", ""waste_category"": ""hazardous"", ""disposal_batch_id"": null}",2026-07-06 05:21:49.392414+00
d22f31be-64f0-41c0-8654-5f9fa60f8dba,,waste_entries,UPDATE,de8d9f8c-dc7e-4087-80ca-5e5b04a6c69e,7f0564c7-b4f6-41a2-91f0-983cb0273f57,"{""id"": ""de8d9f8c-dc7e-4087-80ca-5e5b04a6c69e"", ""notes"": null, ""site_id"": ""7f0564c7-b4f6-41a2-91f0-983cb0273f57"", ""location"": ""G3-31"", ""quantity"": 20, ""weight_kg"": 20, ""created_at"": ""2026-07-04T00:35:16.986599+00:00"", ""created_by"": ""a95e54cf-055f-409c-a4ef-a6fbb11b2570"", ""updated_at"": ""2026-07-06T05:21:49.392414+00:00"", ""piece_count"": null, ""activity_type"": ""preventive"", ""waste_type_id"": ""carbon-brush"", ""generated_date"": ""2026-07-04"", ""waste_category"": ""hazardous"", ""disposal_batch_id"": null}",2026-07-06 05:21:49.392414+00
cd792bb5-1012-41e8-b29b-f5413dc93201,,user_roles,INSERT,49ab9963-efde-44a7-a647-9ffe8714060f,e0a94c66-47a3-4fff-811a-88a5eff00e07,"{""id"": ""49ab9963-efde-44a7-a647-9ffe8714060f"", ""role"": ""member"", ""site_id"": ""e0a94c66-47a3-4fff-811a-88a5eff00e07"", ""user_id"": ""6a1e06d9-28f1-45ce-8df0-ddc09e716c18"", ""created_at"": ""2026-07-06T14:34:17.447559+00:00""}",2026-07-06 14:34:17.447559+00
4fafaaaf-fcdc-4b86-9710-eba1fa9b7e26,,waste_entries,UPDATE,d7fb812d-cbd6-4da6-89a2-f8bb99b92157,33565fa9-c510-4944-965b-b720ce097188,"{""id"": ""d7fb812d-cbd6-4da6-89a2-f8bb99b92157"", ""notes"": null, ""site_id"": ""33565fa9-c510-4944-965b-b720ce097188"", ""location"": ""KCT01"", ""quantity"": 5, ""weight_kg"": 5, ""created_at"": ""2026-07-04T00:37:15.685409+00:00"", ""created_by"": ""a95e54cf-055f-409c-a4ef-a6fbb11b2570"", ""updated_at"": ""2026-07-06T05:21:49.392414+00:00"", ""piece_count"": null, ""activity_type"": ""breakdown"", ""waste_type_id"": ""plastic-non-contaminated"", ""generated_date"": ""2026-07-04"", ""waste_category"": ""non_hazardous"", ""disposal_batch_id"": null}",2026-07-06 05:21:49.392414+00
5764939c-8eab-4e39-b5db-8912e971d881,,waste_entries,UPDATE,6dc23059-ba08-4e1d-927c-01f50681cb6c,33565fa9-c510-4944-965b-b720ce097188,"{""id"": ""6dc23059-ba08-4e1d-927c-01f50681cb6c"", ""notes"": null, ""site_id"": ""33565fa9-c510-4944-965b-b720ce097188"", ""location"": ""KCT04"", ""quantity"": 8, ""weight_kg"": 8, ""created_at"": ""2026-07-04T00:37:35.77847+00:00"", ""created_by"": ""a95e54cf-055f-409c-a4ef-a6fbb11b2570"", ""updated_at"": ""2026-07-06T05:21:49.392414+00:00"", ""piece_count"": null, ""activity_type"": ""breakdown"", ""waste_type_id"": ""used-batteries"", ""generated_date"": ""2026-07-04"", ""waste_category"": ""hazardous"", ""disposal_batch_id"": null}",2026-07-06 05:21:49.392414+00
0a5eac46-7310-4801-8150-53f9642505f6,,waste_entries,UPDATE,4937b3f1-63c4-466a-8098-0e541cde5944,33565fa9-c510-4944-965b-b720ce097188,"{""id"": ""4937b3f1-63c4-466a-8098-0e541cde5944"", ""notes"": null, ""site_id"": ""33565fa9-c510-4944-965b-b720ce097188"", ""location"": ""KCT05"", ""quantity"": 20, ""weight_kg"": 20, ""created_at"": ""2026-07-04T00:38:09.275089+00:00"", ""created_by"": ""a95e54cf-055f-409c-a4ef-a6fbb11b2570"", ""updated_at"": ""2026-07-06T05:21:49.392414+00:00"", ""piece_count"": null, ""activity_type"": ""preventive"", ""waste_type_id"": ""waste-grease"", ""generated_date"": ""2026-07-04"", ""waste_category"": ""hazardous"", ""disposal_batch_id"": null}",2026-07-06 05:21:49.392414+00
10ab935e-beac-4f96-b40a-8fd2054c3bda,,waste_entries,UPDATE,38cedcee-76c1-4396-8f59-3a8dc9018867,e0a94c66-47a3-4fff-811a-88a5eff00e07,"{""id"": ""38cedcee-76c1-4396-8f59-3a8dc9018867"", ""notes"": null, ""site_id"": ""e0a94c66-47a3-4fff-811a-88a5eff00e07"", ""location"": ""KCTRE06"", ""quantity"": 9, ""weight_kg"": 9, ""created_at"": ""2026-07-04T13:50:49.875753+00:00"", ""created_by"": ""a95e54cf-055f-409c-a4ef-a6fbb11b2570"", ""updated_at"": ""2026-07-06T05:21:49.392414+00:00"", ""piece_count"": null, ""activity_type"": ""preventive"", ""waste_type_id"": ""hu-oil-filter"", ""generated_date"": ""2026-07-04"", ""waste_category"": ""hazardous"", ""disposal_batch_id"": null}",2026-07-06 05:21:49.392414+00
b960051c-8b3f-4d01-a1b0-c776b8ed231d,,waste_entries,UPDATE,10644b9a-85ae-4735-acee-e8d5faacc717,e0a94c66-47a3-4fff-811a-88a5eff00e07,"{""id"": ""10644b9a-85ae-4735-acee-e8d5faacc717"", ""notes"": null, ""site_id"": ""e0a94c66-47a3-4fff-811a-88a5eff00e07"", ""location"": ""KCTRE15"", ""quantity"": 5, ""weight_kg"": 5, ""created_at"": ""2026-07-04T14:55:11.161991+00:00"", ""created_by"": ""a95e54cf-055f-409c-a4ef-a6fbb11b2570"", ""updated_at"": ""2026-07-06T05:21:49.392414+00:00"", ""piece_count"": null, ""activity_type"": ""5s"", ""waste_type_id"": ""gb-oil-filter"", ""generated_date"": ""2026-07-04"", ""waste_category"": ""hazardous"", ""disposal_batch_id"": null}",2026-07-06 05:21:49.392414+00
0278380e-dbe7-46f2-9fe0-936e74e97005,3eb1ec47-67b2-407a-b5c8-0545a66bffbf,waste_entries,INSERT,6bd3d627-8a59-4892-9b37-4cd738a7a757,e0a94c66-47a3-4fff-811a-88a5eff00e07,"{""id"": ""6bd3d627-8a59-4892-9b37-4cd738a7a757"", ""notes"": null, ""site_id"": ""e0a94c66-47a3-4fff-811a-88a5eff00e07"", ""location"": ""KCTRE04"", ""quantity"": 12, ""weight_kg"": 12, ""created_at"": ""2026-07-06T05:36:30.631732+00:00"", ""created_by"": ""3eb1ec47-67b2-407a-b5c8-0545a66bffbf"", ""updated_at"": ""2026-07-06T05:36:30.631732+00:00"", ""piece_count"": 3, ""activity_type"": ""preventive"", ""waste_type_id"": ""hu-oil-filter"", ""generated_date"": ""2026-07-06"", ""waste_category"": ""hazardous"", ""disposal_batch_id"": null}",2026-07-06 05:36:30.631732+00
8a864595-f3be-4d11-920a-a5f0590f258a,3eb1ec47-67b2-407a-b5c8-0545a66bffbf,waste_entries,INSERT,6523d7eb-57e7-424a-955e-620f63b44e0e,e0a94c66-47a3-4fff-811a-88a5eff00e07,"{""id"": ""6523d7eb-57e7-424a-955e-620f63b44e0e"", ""notes"": null, ""site_id"": ""e0a94c66-47a3-4fff-811a-88a5eff00e07"", ""location"": ""GML74"", ""quantity"": 5, ""weight_kg"": 5, ""created_at"": ""2026-07-06T05:37:19.141036+00:00"", ""created_by"": ""3eb1ec47-67b2-407a-b5c8-0545a66bffbf"", ""updated_at"": ""2026-07-06T05:37:19.141036+00:00"", ""piece_count"": null, ""activity_type"": ""breakdown"", ""waste_type_id"": ""dust-filter-mat"", ""generated_date"": ""2026-07-06"", ""waste_category"": ""hazardous"", ""disposal_batch_id"": null}",2026-07-06 05:37:19.141036+00
576da52c-7933-4869-8289-44ee0c587af1,3eb1ec47-67b2-407a-b5c8-0545a66bffbf,waste_entries,INSERT,e7a4f905-f751-492d-9503-b123948be141,e0a94c66-47a3-4fff-811a-88a5eff00e07,"{""id"": ""e7a4f905-f751-492d-9503-b123948be141"", ""notes"": null, ""site_id"": ""e0a94c66-47a3-4fff-811a-88a5eff00e07"", ""location"": ""GML71"", ""quantity"": 30, ""weight_kg"": 30, ""created_at"": ""2026-07-06T05:37:57.632514+00:00"", ""created_by"": ""3eb1ec47-67b2-407a-b5c8-0545a66bffbf"", ""updated_at"": ""2026-07-06T05:37:57.632514+00:00"", ""piece_count"": 4, ""activity_type"": ""breakdown"", ""waste_type_id"": ""wooden-boxes"", ""generated_date"": ""2026-07-06"", ""waste_category"": ""non_hazardous"", ""disposal_batch_id"": null}",2026-07-06 05:37:57.632514+00
4c337ac2-fb6c-4fe5-8db5-a3ac18259d05,,user_sites,INSERT,a497f9a4-299a-42e8-9f47-50d6629a9dcc,e0a94c66-47a3-4fff-811a-88a5eff00e07,"{""id"": ""a497f9a4-299a-42e8-9f47-50d6629a9dcc"", ""site_id"": ""e0a94c66-47a3-4fff-811a-88a5eff00e07"", ""user_id"": ""e6c872f1-9c6b-484a-a0cb-d834bcc6fca2"", ""created_at"": ""2026-07-06T08:47:26.722359+00:00""}",2026-07-06 08:47:26.722359+00
3d245f20-53b1-4c55-a2b8-2bd979efb68d,,user_roles,INSERT,038ff8ca-5ff5-4d7a-b6dd-7761d9f70428,e0a94c66-47a3-4fff-811a-88a5eff00e07,"{""id"": ""038ff8ca-5ff5-4d7a-b6dd-7761d9f70428"", ""role"": ""member"", ""site_id"": ""e0a94c66-47a3-4fff-811a-88a5eff00e07"", ""user_id"": ""e6c872f1-9c6b-484a-a0cb-d834bcc6fca2"", ""created_at"": ""2026-07-06T08:47:26.835562+00:00""}",2026-07-06 08:47:26.835562+00
2c337112-3cbe-4764-acac-18fbaca6175b,e6c872f1-9c6b-484a-a0cb-d834bcc6fca2,waste_entries,INSERT,dc94156b-f29d-42b1-aaf0-b7cd8ebb51e1,e0a94c66-47a3-4fff-811a-88a5eff00e07,"{""id"": ""dc94156b-f29d-42b1-aaf0-b7cd8ebb51e1"", ""notes"": null, ""site_id"": ""e0a94c66-47a3-4fff-811a-88a5eff00e07"", ""location"": ""KCTRE12"", ""quantity"": 12, ""weight_kg"": 12, ""created_at"": ""2026-07-06T08:48:18.136382+00:00"", ""created_by"": ""e6c872f1-9c6b-484a-a0cb-d834bcc6fca2"", ""updated_at"": ""2026-07-06T08:48:18.136382+00:00"", ""piece_count"": 8, ""activity_type"": ""preventive"", ""waste_type_id"": ""used-batteries"", ""generated_date"": ""2026-07-06"", ""waste_category"": ""hazardous"", ""disposal_batch_id"": null}",2026-07-06 08:48:18.136382+00
14bf23b1-f40a-4558-a318-2271bc621a80,,user_sites,INSERT,30aadd70-e386-4901-a86c-94ca1ceb0c8c,e0a94c66-47a3-4fff-811a-88a5eff00e07,"{""id"": ""30aadd70-e386-4901-a86c-94ca1ceb0c8c"", ""site_id"": ""e0a94c66-47a3-4fff-811a-88a5eff00e07"", ""user_id"": ""9c1c8196-aa23-42f8-865e-a8d028807fa7"", ""created_at"": ""2026-07-06T09:31:25.696124+00:00""}",2026-07-06 09:31:25.696124+00
2a14f50b-727b-4e55-b9f2-31228d6751a0,,user_roles,INSERT,58deeb50-b951-4b3f-848c-a44515e96212,e0a94c66-47a3-4fff-811a-88a5eff00e07,"{""id"": ""58deeb50-b951-4b3f-848c-a44515e96212"", ""role"": ""member"", ""site_id"": ""e0a94c66-47a3-4fff-811a-88a5eff00e07"", ""user_id"": ""9c1c8196-aa23-42f8-865e-a8d028807fa7"", ""created_at"": ""2026-07-06T09:31:26.172672+00:00""}",2026-07-06 09:31:26.172672+00
66f242a8-0738-4fc4-ada8-b9d4c82a705f,,user_sites,INSERT,3f98fc7d-4cf3-40b6-9ca1-b77f1326c41a,33565fa9-c510-4944-965b-b720ce097188,"{""id"": ""3f98fc7d-4cf3-40b6-9ca1-b77f1326c41a"", ""site_id"": ""33565fa9-c510-4944-965b-b720ce097188"", ""user_id"": ""73d9f7ab-1e0f-4416-8698-df17a2e09bba"", ""created_at"": ""2026-07-06T14:25:07.003149+00:00""}",2026-07-06 14:25:07.003149+00
7944837f-8498-4c2b-8cd3-ab05061109b6,,user_roles,INSERT,f04e340d-ddd7-47ae-a838-cccb07b456b0,33565fa9-c510-4944-965b-b720ce097188,"{""id"": ""f04e340d-ddd7-47ae-a838-cccb07b456b0"", ""role"": ""member"", ""site_id"": ""33565fa9-c510-4944-965b-b720ce097188"", ""user_id"": ""73d9f7ab-1e0f-4416-8698-df17a2e09bba"", ""created_at"": ""2026-07-06T14:25:07.205504+00:00""}",2026-07-06 14:25:07.205504+00
15683986-c80c-4718-9e36-bd222e99a833,,user_sites,INSERT,5227050f-9977-4bf9-9b67-15c9de5a8ad2,e0a94c66-47a3-4fff-811a-88a5eff00e07,"{""id"": ""5227050f-9977-4bf9-9b67-15c9de5a8ad2"", ""site_id"": ""e0a94c66-47a3-4fff-811a-88a5eff00e07"", ""user_id"": ""6a1e06d9-28f1-45ce-8df0-ddc09e716c18"", ""created_at"": ""2026-07-06T14:34:17.368019+00:00""}",2026-07-06 14:34:17.368019+00
cab7a75a-4e07-4ef1-b14f-3d25a6cbe7ab,3eb1ec47-67b2-407a-b5c8-0545a66bffbf,waste_entries,INSERT,c7f382d0-46ef-49fb-8ab7-a5d7120e242e,e0a94c66-47a3-4fff-811a-88a5eff00e07,"{""id"": ""c7f382d0-46ef-49fb-8ab7-a5d7120e242e"", ""notes"": null, ""site_id"": ""e0a94c66-47a3-4fff-811a-88a5eff00e07"", ""location"": ""KCTRE03"", ""quantity"": 20, ""weight_kg"": 20, ""created_at"": ""2026-07-07T03:36:44.445302+00:00"", ""created_by"": ""3eb1ec47-67b2-407a-b5c8-0545a66bffbf"", ""updated_at"": ""2026-07-07T03:36:44.445302+00:00"", ""piece_count"": null, ""activity_type"": ""5s"", ""waste_type_id"": ""packaging-waste"", ""generated_date"": ""2026-07-07"", ""waste_category"": ""non_hazardous"", ""disposal_batch_id"": null}",2026-07-07 03:36:44.445302+00
a7ae156d-02db-452c-bc83-7cf9cc5b00b5,3eb1ec47-67b2-407a-b5c8-0545a66bffbf,waste_entries,INSERT,c31e2edd-f589-40e9-9556-67ec26390995,e0a94c66-47a3-4fff-811a-88a5eff00e07,"{""id"": ""c31e2edd-f589-40e9-9556-67ec26390995"", ""notes"": null, ""site_id"": ""e0a94c66-47a3-4fff-811a-88a5eff00e07"", ""location"": ""GML73"", ""quantity"": 4, ""weight_kg"": 4, ""created_at"": ""2026-07-07T19:49:50.929482+00:00"", ""created_by"": ""3eb1ec47-67b2-407a-b5c8-0545a66bffbf"", ""updated_at"": ""2026-07-07T19:49:50.929482+00:00"", ""piece_count"": 1, ""activity_type"": ""breakdown"", ""waste_type_id"": ""hu-oil-filter"", ""generated_date"": ""2026-07-07"", ""waste_category"": ""hazardous"", ""disposal_batch_id"": null}",2026-07-07 19:49:50.929482+00
d365658c-03b9-4342-9542-114c5a43bec0,3eb1ec47-67b2-407a-b5c8-0545a66bffbf,waste_entries,INSERT,80d21483-025a-43eb-b74a-52ae0f64ca85,e0a94c66-47a3-4fff-811a-88a5eff00e07,"{""id"": ""80d21483-025a-43eb-b74a-52ae0f64ca85"", ""notes"": null, ""site_id"": ""e0a94c66-47a3-4fff-811a-88a5eff00e07"", ""location"": ""KCTRE11"", ""quantity"": 5, ""weight_kg"": 5, ""created_at"": ""2026-07-08T05:19:55.996031+00:00"", ""created_by"": ""3eb1ec47-67b2-407a-b5c8-0545a66bffbf"", ""updated_at"": ""2026-07-08T05:19:55.996031+00:00"", ""piece_count"": null, ""activity_type"": ""preventive"", ""waste_type_id"": ""dust-filter-mat"", ""generated_date"": ""2026-07-08"", ""waste_category"": ""hazardous"", ""disposal_batch_id"": null}",2026-07-08 05:19:55.996031+00
8cb4c9f8-1534-4f76-9893-bf44bd3bf8bc,,user_roles,DELETE,630c90c5-0ee6-4605-910b-0fcabd3803f0,e0a94c66-47a3-4fff-811a-88a5eff00e07,"{""id"": ""630c90c5-0ee6-4605-910b-0fcabd3803f0"", ""role"": ""member"", ""site_id"": ""e0a94c66-47a3-4fff-811a-88a5eff00e07"", ""user_id"": ""ae6cf895-2da2-4039-b077-e6639a7aa896"", ""created_at"": ""2026-06-30T01:13:13.472606+00:00""}",2026-07-08 05:53:26.029385+00
d79b8d73-5904-4031-a61e-7fb303795261,,user_sites,UPDATE,b295d3f5-dc44-412a-bac6-8c8623ac0305,e0a94c66-47a3-4fff-811a-88a5eff00e07,"{""id"": ""b295d3f5-dc44-412a-bac6-8c8623ac0305"", ""site_id"": ""e0a94c66-47a3-4fff-811a-88a5eff00e07"", ""user_id"": ""ae6cf895-2da2-4039-b077-e6639a7aa896"", ""created_at"": ""2026-06-30T01:13:13.270128+00:00""}",2026-07-08 05:53:33.964244+00
79976804-d2bd-42ea-9fb5-f10d2be013c8,,user_roles,INSERT,52d1e8f7-21fe-4498-9358-0b87e17ae260,e0a94c66-47a3-4fff-811a-88a5eff00e07,"{""id"": ""52d1e8f7-21fe-4498-9358-0b87e17ae260"", ""role"": ""manager"", ""site_id"": ""e0a94c66-47a3-4fff-811a-88a5eff00e07"", ""user_id"": ""ae6cf895-2da2-4039-b077-e6639a7aa896"", ""created_at"": ""2026-07-08T05:53:34.050212+00:00""}",2026-07-08 05:53:34.050212+00
d3947e87-0652-4e15-afdb-bf47f1805dbf,,user_sites,UPDATE,84d7b57c-da19-45b9-9e3c-f59892c0bc97,e0a94c66-47a3-4fff-811a-88a5eff00e07,"{""id"": ""84d7b57c-da19-45b9-9e3c-f59892c0bc97"", ""site_id"": ""e0a94c66-47a3-4fff-811a-88a5eff00e07"", ""user_id"": ""3eb1ec47-67b2-407a-b5c8-0545a66bffbf"", ""created_at"": ""2026-07-01T15:13:49.843171+00:00""}",2026-07-08 05:57:19.607967+00
c892c2c0-51f9-4240-9bf9-a1dd66a73990,,user_roles,INSERT,972514d5-5a64-4f15-a5d5-ea969af0f2c7,e0a94c66-47a3-4fff-811a-88a5eff00e07,"{""id"": ""972514d5-5a64-4f15-a5d5-ea969af0f2c7"", ""role"": ""manager"", ""site_id"": ""e0a94c66-47a3-4fff-811a-88a5eff00e07"", ""user_id"": ""3eb1ec47-67b2-407a-b5c8-0545a66bffbf"", ""created_at"": ""2026-07-08T05:57:19.791282+00:00""}",2026-07-08 05:57:19.791282+00
30975301-ac74-4cf0-80ad-aee2bc9d1b30,,user_roles,DELETE,1c85534a-918d-44b3-9f84-6c6a0cd77df9,e0a94c66-47a3-4fff-811a-88a5eff00e07,"{""id"": ""1c85534a-918d-44b3-9f84-6c6a0cd77df9"", ""role"": ""member"", ""site_id"": ""e0a94c66-47a3-4fff-811a-88a5eff00e07"", ""user_id"": ""3eb1ec47-67b2-407a-b5c8-0545a66bffbf"", ""created_at"": ""2026-07-01T15:13:50.011269+00:00""}",2026-07-08 05:57:28.114177+00
2126e6d3-a071-438b-a79a-0227ae8ad217,3eb1ec47-67b2-407a-b5c8-0545a66bffbf,waste_entries,INSERT,dcec2a31-1819-4682-891e-1ce425a30878,e0a94c66-47a3-4fff-811a-88a5eff00e07,"{""id"": ""dcec2a31-1819-4682-891e-1ce425a30878"", ""notes"": null, ""site_id"": ""e0a94c66-47a3-4fff-811a-88a5eff00e07"", ""location"": ""GML70"", ""quantity"": 8, ""weight_kg"": 8, ""created_at"": ""2026-07-08T16:56:02.721806+00:00"", ""created_by"": ""3eb1ec47-67b2-407a-b5c8-0545a66bffbf"", ""updated_at"": ""2026-07-08T16:56:02.721806+00:00"", ""piece_count"": 3, ""activity_type"": ""preventive"", ""waste_type_id"": ""gb-oil-filter"", ""generated_date"": ""2026-07-08"", ""waste_category"": ""hazardous"", ""disposal_batch_id"": null}",2026-07-08 16:56:02.721806+00
3783dd52-73df-47c7-8533-0ac79ec8679d,3eb1ec47-67b2-407a-b5c8-0545a66bffbf,waste_entries,INSERT,9f44c462-e132-457c-822b-5ddd6ce799a6,e0a94c66-47a3-4fff-811a-88a5eff00e07,"{""id"": ""9f44c462-e132-457c-822b-5ddd6ce799a6"", ""notes"": null, ""site_id"": ""e0a94c66-47a3-4fff-811a-88a5eff00e07"", ""location"": ""GML55"", ""quantity"": 5, ""weight_kg"": 5, ""created_at"": ""2026-07-08T17:36:30.249429+00:00"", ""created_by"": ""3eb1ec47-67b2-407a-b5c8-0545a66bffbf"", ""updated_at"": ""2026-07-08T17:36:30.249429+00:00"", ""piece_count"": 3, ""activity_type"": ""preventive"", ""waste_type_id"": ""hu-oil-filter"", ""generated_date"": ""2026-07-08"", ""waste_category"": ""hazardous"", ""disposal_batch_id"": null}",2026-07-08 17:36:30.249429+00
46eee731-5f7a-44d1-954c-b1367b9570f0,3eb1ec47-67b2-407a-b5c8-0545a66bffbf,waste_entries,INSERT,c4957ed0-0146-4f12-b4ea-f2cb06ba095d,e0a94c66-47a3-4fff-811a-88a5eff00e07,"{""id"": ""c4957ed0-0146-4f12-b4ea-f2cb06ba095d"", ""notes"": null, ""site_id"": ""e0a94c66-47a3-4fff-811a-88a5eff00e07"", ""location"": ""KCTRE19"", ""quantity"": 50, ""weight_kg"": 50, ""created_at"": ""2026-07-09T06:46:14.832634+00:00"", ""created_by"": ""3eb1ec47-67b2-407a-b5c8-0545a66bffbf"", ""updated_at"": ""2026-07-09T06:46:14.832634+00:00"", ""piece_count"": 8, ""activity_type"": ""preventive"", ""waste_type_id"": ""empty-containers"", ""generated_date"": ""2026-07-09"", ""waste_category"": ""hazardous"", ""disposal_batch_id"": null}",2026-07-09 06:46:14.832634+00
a5b73cd7-3e16-4953-a9af-f8943f511de2,3eb1ec47-67b2-407a-b5c8-0545a66bffbf,waste_entries,INSERT,48037367-6f54-46f3-9565-7c3390991421,e0a94c66-47a3-4fff-811a-88a5eff00e07,"{""id"": ""48037367-6f54-46f3-9565-7c3390991421"", ""notes"": null, ""site_id"": ""e0a94c66-47a3-4fff-811a-88a5eff00e07"", ""location"": ""GML139"", ""quantity"": 5, ""weight_kg"": 5, ""created_at"": ""2026-07-10T17:18:23.990655+00:00"", ""created_by"": ""3eb1ec47-67b2-407a-b5c8-0545a66bffbf"", ""updated_at"": ""2026-07-10T17:18:23.990655+00:00"", ""piece_count"": null, ""activity_type"": ""5s"", ""waste_type_id"": ""plastic-non-contaminated"", ""generated_date"": ""2026-07-10"", ""waste_category"": ""non_hazardous"", ""disposal_batch_id"": null}",2026-07-10 17:18:23.990655+00
31145c55-17b7-4ad2-b6ed-ff8b52a934c4,3eb1ec47-67b2-407a-b5c8-0545a66bffbf,waste_entries,INSERT,4daf7511-6277-4616-af4b-699604f9d758,e0a94c66-47a3-4fff-811a-88a5eff00e07,"{""id"": ""4daf7511-6277-4616-af4b-699604f9d758"", ""notes"": null, ""site_id"": ""e0a94c66-47a3-4fff-811a-88a5eff00e07"", ""location"": ""KCTRE20"", ""quantity"": 50, ""weight_kg"": 50, ""created_at"": ""2026-07-11T07:26:16.856771+00:00"", ""created_by"": ""3eb1ec47-67b2-407a-b5c8-0545a66bffbf"", ""updated_at"": ""2026-07-11T07:26:16.856771+00:00"", ""piece_count"": 8, ""activity_type"": ""breakdown"", ""waste_type_id"": ""oil-filters-misc"", ""generated_date"": ""2026-07-11"", ""waste_category"": ""hazardous"", ""disposal_batch_id"": null}",2026-07-11 07:26:16.856771+00
70e861c9-e09b-41e8-881c-29e469d601c1,3eb1ec47-67b2-407a-b5c8-0545a66bffbf,waste_entries,INSERT,0c3d6efc-3ce0-472a-a59f-0d08defa2362,e0a94c66-47a3-4fff-811a-88a5eff00e07,"{""id"": ""0c3d6efc-3ce0-472a-a59f-0d08defa2362"", ""notes"": null, ""site_id"": ""e0a94c66-47a3-4fff-811a-88a5eff00e07"", ""location"": ""KCTRE03"", ""quantity"": 20.8, ""weight_kg"": 20.8, ""created_at"": ""2026-07-11T10:09:28.369905+00:00"", ""created_by"": ""3eb1ec47-67b2-407a-b5c8-0545a66bffbf"", ""updated_at"": ""2026-07-11T10:09:28.369905+00:00"", ""piece_count"": 8, ""activity_type"": ""preventive"", ""waste_type_id"": ""used-batteries"", ""generated_date"": ""2026-07-11"", ""waste_category"": ""e_waste"", ""disposal_batch_id"": null}",2026-07-11 10:09:28.369905+00
3166724c-47db-4f16-bdb5-5b72bec222a1,3eb1ec47-67b2-407a-b5c8-0545a66bffbf,waste_entries,INSERT,d2937c07-1e58-4661-8902-e4c18ed71229,e0a94c66-47a3-4fff-811a-88a5eff00e07,"{""id"": ""d2937c07-1e58-4661-8902-e4c18ed71229"", ""notes"": null, ""site_id"": ""e0a94c66-47a3-4fff-811a-88a5eff00e07"", ""location"": ""KCTRE05"", ""quantity"": 7.92, ""weight_kg"": 7.92, ""created_at"": ""2026-07-11T10:11:00.269636+00:00"", ""created_by"": ""3eb1ec47-67b2-407a-b5c8-0545a66bffbf"", ""updated_at"": ""2026-07-11T10:11:00.269636+00:00"", ""piece_count"": 2, ""activity_type"": ""preventive"", ""waste_type_id"": ""e-waste-resistors"", ""generated_date"": ""2026-07-11"", ""waste_category"": ""e_waste"", ""disposal_batch_id"": null}",2026-07-11 10:11:00.269636+00
9a75a16f-7e82-40cd-ba60-c65aede0c915,3eb1ec47-67b2-407a-b5c8-0545a66bffbf,waste_entries,INSERT,595ff9bd-2fed-4981-99d2-8478aa5bcb5b,e0a94c66-47a3-4fff-811a-88a5eff00e07,"{""id"": ""595ff9bd-2fed-4981-99d2-8478aa5bcb5b"", ""notes"": null, ""site_id"": ""e0a94c66-47a3-4fff-811a-88a5eff00e07"", ""location"": ""KCTRE06"", ""quantity"": 20, ""weight_kg"": 20, ""created_at"": ""2026-07-11T10:13:07.035294+00:00"", ""created_by"": ""3eb1ec47-67b2-407a-b5c8-0545a66bffbf"", ""updated_at"": ""2026-07-11T10:13:07.035294+00:00"", ""piece_count"": null, ""activity_type"": ""preventive"", ""waste_type_id"": ""waste-oil"", ""generated_date"": ""2026-07-11"", ""waste_category"": ""hazardous"", ""disposal_batch_id"": null}",2026-07-11 10:13:07.035294+00
72fb5f3d-650c-46b1-b24e-2d7f332dde9a,3eb1ec47-67b2-407a-b5c8-0545a66bffbf,waste_entries,INSERT,cb4b7e90-b011-4239-b029-2d65a8adc0f5,e0a94c66-47a3-4fff-811a-88a5eff00e07,"{""id"": ""cb4b7e90-b011-4239-b029-2d65a8adc0f5"", ""notes"": null, ""site_id"": ""e0a94c66-47a3-4fff-811a-88a5eff00e07"", ""location"": ""KCTRE08"", ""quantity"": 59.89, ""weight_kg"": 59.89, ""created_at"": ""2026-07-11T13:15:28.959933+00:00"", ""created_by"": ""3eb1ec47-67b2-407a-b5c8-0545a66bffbf"", ""updated_at"": ""2026-07-11T13:15:28.959933+00:00"", ""piece_count"": null, ""activity_type"": ""preventive"", ""waste_type_id"": ""oil-cotton"", ""generated_date"": ""2026-07-11"", ""waste_category"": ""hazardous"", ""disposal_batch_id"": null}",2026-07-11 13:15:28.959933+00
e6285cf5-ae8a-4665-862a-42027acab806,3eb1ec47-67b2-407a-b5c8-0545a66bffbf,waste_entries,INSERT,a227c359-f8c6-49da-a418-40f374fb2094,e0a94c66-47a3-4fff-811a-88a5eff00e07,"{""id"": ""a227c359-f8c6-49da-a418-40f374fb2094"", ""notes"": null, ""site_id"": ""e0a94c66-47a3-4fff-811a-88a5eff00e07"", ""location"": ""KCTRE09"", ""quantity"": 20.8, ""weight_kg"": 20.8, ""created_at"": ""2026-07-11T13:49:40.574687+00:00"", ""created_by"": ""3eb1ec47-67b2-407a-b5c8-0545a66bffbf"", ""updated_at"": ""2026-07-11T13:49:40.574687+00:00"", ""piece_count"": 8, ""activity_type"": ""breakdown"", ""waste_type_id"": ""used-batteries"", ""generated_date"": ""2026-07-11"", ""waste_category"": ""e_waste"", ""disposal_batch_id"": null}",2026-07-11 13:49:40.574687+00
54c1fe0f-c713-46fc-873b-0b6171ebb31a,3eb1ec47-67b2-407a-b5c8-0545a66bffbf,waste_entries,INSERT,868b668a-9974-4b6f-96d9-8c98780c877d,e0a94c66-47a3-4fff-811a-88a5eff00e07,"{""id"": ""868b668a-9974-4b6f-96d9-8c98780c877d"", ""notes"": null, ""site_id"": ""e0a94c66-47a3-4fff-811a-88a5eff00e07"", ""location"": ""KCTRE09"", ""quantity"": 9, ""weight_kg"": 9, ""created_at"": ""2026-07-12T05:28:50.244986+00:00"", ""created_by"": ""3eb1ec47-67b2-407a-b5c8-0545a66bffbf"", ""updated_at"": ""2026-07-12T05:28:50.244986+00:00"", ""piece_count"": 3, ""activity_type"": ""preventive"", ""waste_type_id"": ""e-waste-igbts"", ""generated_date"": ""2026-07-12"", ""waste_category"": ""e_waste"", ""disposal_batch_id"": null}",2026-07-12 05:28:50.244986+00
e502e89e-bf7f-4287-b3a0-c5f4726d1c89,3eb1ec47-67b2-407a-b5c8-0545a66bffbf,waste_entries,INSERT,2c8e2783-6bdb-4adc-96d5-af19636c3710,e0a94c66-47a3-4fff-811a-88a5eff00e07,"{""id"": ""2c8e2783-6bdb-4adc-96d5-af19636c3710"", ""notes"": null, ""site_id"": ""e0a94c66-47a3-4fff-811a-88a5eff00e07"", ""location"": ""KCTRE09"", ""quantity"": 9, ""weight_kg"": 9, ""created_at"": ""2026-07-12T05:30:28.115836+00:00"", ""created_by"": ""3eb1ec47-67b2-407a-b5c8-0545a66bffbf"", ""updated_at"": ""2026-07-12T05:30:28.115836+00:00"", ""piece_count"": 3, ""activity_type"": ""preventive"", ""waste_type_id"": ""e-waste-igbts"", ""generated_date"": ""2026-07-12"", ""waste_category"": ""e_waste"", ""disposal_batch_id"": null}",2026-07-12 05:30:28.115836+00
3cd099e9-3f4f-426f-9bea-e06ca85a8842,3eb1ec47-67b2-407a-b5c8-0545a66bffbf,waste_entries,INSERT,f06a49d9-cca8-4d6d-95a1-98118053eac4,e0a94c66-47a3-4fff-811a-88a5eff00e07,"{""id"": ""f06a49d9-cca8-4d6d-95a1-98118053eac4"", ""notes"": null, ""site_id"": ""e0a94c66-47a3-4fff-811a-88a5eff00e07"", ""location"": ""KCTRE14"", ""quantity"": 3, ""weight_kg"": 3, ""created_at"": ""2026-07-12T08:26:55.082205+00:00"", ""created_by"": ""3eb1ec47-67b2-407a-b5c8-0545a66bffbf"", ""updated_at"": ""2026-07-12T08:26:55.082205+00:00"", ""piece_count"": 2, ""activity_type"": ""preventive"", ""waste_type_id"": ""e-waste-diodes"", ""generated_date"": ""2026-07-12"", ""waste_category"": ""e_waste"", ""disposal_batch_id"": null}",2026-07-12 08:26:55.082205+00
a779528a-cbd2-4b9a-80e4-cb47ae013257,3eb1ec47-67b2-407a-b5c8-0545a66bffbf,waste_entries,INSERT,5d3ff0ac-b5c5-4be0-a608-9a2de2842844,e0a94c66-47a3-4fff-811a-88a5eff00e07,"{""id"": ""5d3ff0ac-b5c5-4be0-a608-9a2de2842844"", ""notes"": null, ""site_id"": ""e0a94c66-47a3-4fff-811a-88a5eff00e07"", ""location"": ""GML57"", ""quantity"": 5, ""weight_kg"": 0, ""created_at"": ""2026-07-15T17:03:19.392925+00:00"", ""created_by"": ""3eb1ec47-67b2-407a-b5c8-0545a66bffbf"", ""updated_at"": ""2026-07-15T17:03:19.392925+00:00"", ""piece_count"": null, ""activity_type"": ""preventive"", ""waste_type_id"": ""hu-oil-filter"", ""generated_date"": ""2026-07-15"", ""waste_category"": ""hazardous"", ""disposal_batch_id"": null}",2026-07-15 17:03:19.392925+00
5919e64a-7075-40b1-ba81-2ec92e6b9273,3eb1ec47-67b2-407a-b5c8-0545a66bffbf,waste_entries,INSERT,04d3e141-bd03-429b-acf0-8628c2be957a,e0a94c66-47a3-4fff-811a-88a5eff00e07,"{""id"": ""04d3e141-bd03-429b-acf0-8628c2be957a"", ""notes"": null, ""site_id"": ""e0a94c66-47a3-4fff-811a-88a5eff00e07"", ""location"": ""GML24"", ""quantity"": 8, ""weight_kg"": 8, ""created_at"": ""2026-07-15T17:04:07.42436+00:00"", ""created_by"": ""3eb1ec47-67b2-407a-b5c8-0545a66bffbf"", ""updated_at"": ""2026-07-15T17:04:07.42436+00:00"", ""piece_count"": 8, ""activity_type"": ""preventive"", ""waste_type_id"": ""carbon-brush"", ""generated_date"": ""2026-07-15"", ""waste_category"": ""hazardous"", ""disposal_batch_id"": null}",2026-07-15 17:04:07.42436+00
ad4cc970-b44f-4434-a9b2-149cffae3728,3eb1ec47-67b2-407a-b5c8-0545a66bffbf,waste_entries,INSERT,4481bcba-0090-4b10-ad53-dd2b1e92870f,e0a94c66-47a3-4fff-811a-88a5eff00e07,"{""id"": ""4481bcba-0090-4b10-ad53-dd2b1e92870f"", ""notes"": null, ""site_id"": ""e0a94c66-47a3-4fff-811a-88a5eff00e07"", ""location"": ""KCTRE17"", ""quantity"": 5, ""weight_kg"": 5, ""created_at"": ""2026-07-16T05:53:42.56269+00:00"", ""created_by"": ""3eb1ec47-67b2-407a-b5c8-0545a66bffbf"", ""updated_at"": ""2026-07-16T05:53:42.56269+00:00"", ""piece_count"": 3, ""activity_type"": ""preventive"", ""waste_type_id"": ""hu-oil-filter"", ""generated_date"": ""2026-07-16"", ""waste_category"": ""hazardous"", ""disposal_batch_id"": null}",2026-07-16 05:53:42.56269+00
81b18f28-056e-4623-be33-93715f3b66f8,3eb1ec47-67b2-407a-b5c8-0545a66bffbf,waste_entries,INSERT,9868a62f-d1f9-4ee8-8b55-91ff358556ec,e0a94c66-47a3-4fff-811a-88a5eff00e07,"{""id"": ""9868a62f-d1f9-4ee8-8b55-91ff358556ec"", ""notes"": null, ""site_id"": ""e0a94c66-47a3-4fff-811a-88a5eff00e07"", ""location"": ""KCTRE11"", ""quantity"": 3, ""weight_kg"": 3, ""created_at"": ""2026-07-16T05:54:38.77248+00:00"", ""created_by"": ""3eb1ec47-67b2-407a-b5c8-0545a66bffbf"", ""updated_at"": ""2026-07-16T05:54:38.77248+00:00"", ""piece_count"": 5, ""activity_type"": ""preventive"", ""waste_type_id"": ""hu-oil-filter"", ""generated_date"": ""2026-07-16"", ""waste_category"": ""hazardous"", ""disposal_batch_id"": null}",2026-07-16 05:54:38.77248+00
92803f02-21e3-40e4-af91-9f75aa001caf,a95e54cf-055f-409c-a4ef-a6fbb11b2570,waste_entries,INSERT,5bae1c3a-4650-48fc-b1d1-20e04788aa5a,e0a94c66-47a3-4fff-811a-88a5eff00e07,"{""id"": ""5bae1c3a-4650-48fc-b1d1-20e04788aa5a"", ""notes"": null, ""site_id"": ""e0a94c66-47a3-4fff-811a-88a5eff00e07"", ""location"": ""KCTRE03"", ""quantity"": 5, ""weight_kg"": 5, ""created_at"": ""2026-07-16T17:06:07.326586+00:00"", ""created_by"": ""a95e54cf-055f-409c-a4ef-a6fbb11b2570"", ""updated_at"": ""2026-07-16T17:06:07.326586+00:00"", ""piece_count"": null, ""activity_type"": ""others"", ""waste_type_id"": ""copper-scrap"", ""generated_date"": ""2026-07-16"", ""waste_category"": ""other_wastes"", ""disposal_batch_id"": null}",2026-07-16 17:06:07.326586+00
2a209525-70f5-4f66-9829-f206d1ccac62,3eb1ec47-67b2-407a-b5c8-0545a66bffbf,waste_entries,INSERT,2383f60f-afea-4b3b-973a-e0f0fdc4f2cf,e0a94c66-47a3-4fff-811a-88a5eff00e07,"{""id"": ""2383f60f-afea-4b3b-973a-e0f0fdc4f2cf"", ""notes"": null, ""site_id"": ""e0a94c66-47a3-4fff-811a-88a5eff00e07"", ""location"": ""PSS"", ""quantity"": 20.8, ""weight_kg"": 20.8, ""created_at"": ""2026-07-17T17:12:41.642963+00:00"", ""created_by"": ""3eb1ec47-67b2-407a-b5c8-0545a66bffbf"", ""updated_at"": ""2026-07-17T17:12:41.642963+00:00"", ""piece_count"": 8, ""activity_type"": ""breakdown"", ""waste_type_id"": ""used-batteries"", ""generated_date"": ""2026-07-17"", ""waste_category"": ""e_waste"", ""disposal_batch_id"": null}",2026-07-17 17:12:41.642963+00
922ba348-8e44-42a9-b82a-a31be8f2279f,3eb1ec47-67b2-407a-b5c8-0545a66bffbf,waste_entries,INSERT,531f027c-d47f-4ad0-832e-bbb6d6a69d05,e0a94c66-47a3-4fff-811a-88a5eff00e07,"{""id"": ""531f027c-d47f-4ad0-832e-bbb6d6a69d05"", ""notes"": null, ""site_id"": ""e0a94c66-47a3-4fff-811a-88a5eff00e07"", ""location"": ""KCTRE12"", ""quantity"": 6, ""weight_kg"": 6, ""created_at"": ""2026-07-27T07:06:20.485353+00:00"", ""created_by"": ""3eb1ec47-67b2-407a-b5c8-0545a66bffbf"", ""updated_at"": ""2026-07-27T07:06:20.485353+00:00"", ""piece_count"": 2, ""activity_type"": ""preventive"", ""waste_type_id"": ""gb-oil-filter"", ""generated_date"": ""2026-07-27"", ""waste_category"": ""hazardous"", ""disposal_batch_id"": null}",2026-07-27 07:06:20.485353+00
d5668437-0ad4-4380-be1f-0404c3d22aed,3eb1ec47-67b2-407a-b5c8-0545a66bffbf,waste_entries,INSERT,c71d7d3b-16ac-453c-ab58-015a7cd2e030,e0a94c66-47a3-4fff-811a-88a5eff00e07,"{""id"": ""c71d7d3b-16ac-453c-ab58-015a7cd2e030"", ""notes"": null, ""site_id"": ""e0a94c66-47a3-4fff-811a-88a5eff00e07"", ""location"": ""KCTRE14"", ""quantity"": 20.8, ""weight_kg"": 20.8, ""created_at"": ""2026-07-31T16:18:23.318936+00:00"", ""created_by"": ""3eb1ec47-67b2-407a-b5c8-0545a66bffbf"", ""updated_at"": ""2026-07-31T16:18:23.318936+00:00"", ""piece_count"": 8, ""activity_type"": ""preventive"", ""waste_type_id"": ""used-batteries"", ""generated_date"": ""2026-07-31"", ""waste_category"": ""e_waste"", ""disposal_batch_id"": null}",2026-07-31 16:18:23.318936+00
87e85385-c4d6-4068-bcd4-13a7ac982e87,3eb1ec47-67b2-407a-b5c8-0545a66bffbf,waste_entries,INSERT,e21741af-e2fc-406f-b59c-392ebd6624b4,e0a94c66-47a3-4fff-811a-88a5eff00e07,"{""id"": ""e21741af-e2fc-406f-b59c-392ebd6624b4"", ""notes"": null, ""site_id"": ""e0a94c66-47a3-4fff-811a-88a5eff00e07"", ""location"": ""KCTRE05"", ""quantity"": 55, ""weight_kg"": 55, ""created_at"": ""2026-07-31T18:23:35.413089+00:00"", ""created_by"": ""3eb1ec47-67b2-407a-b5c8-0545a66bffbf"", ""updated_at"": ""2026-07-31T18:23:35.413089+00:00"", ""piece_count"": null, ""activity_type"": ""preventive"", ""waste_type_id"": ""waste-oil"", ""generated_date"": ""2026-07-31"", ""waste_category"": ""hazardous"", ""disposal_batch_id"": null}",2026-07-31 18:23:35.413089+00
5993a717-2fde-4afe-8544-be2d597e53e8,3eb1ec47-67b2-407a-b5c8-0545a66bffbf,waste_entries,INSERT,642f7cc4-3cdd-4e0e-acea-66b0952119df,e0a94c66-47a3-4fff-811a-88a5eff00e07,"{""id"": ""642f7cc4-3cdd-4e0e-acea-66b0952119df"", ""notes"": null, ""site_id"": ""e0a94c66-47a3-4fff-811a-88a5eff00e07"", ""location"": ""KCTRE06"", ""quantity"": 50, ""weight_kg"": 50, ""created_at"": ""2026-07-31T18:36:34.217023+00:00"", ""created_by"": ""3eb1ec47-67b2-407a-b5c8-0545a66bffbf"", ""updated_at"": ""2026-07-31T18:36:34.217023+00:00"", ""piece_count"": null, ""activity_type"": ""preventive"", ""waste_type_id"": ""waste-oil"", ""generated_date"": ""2026-07-31"", ""waste_category"": ""hazardous"", ""disposal_batch_id"": null}",2026-07-31 18:36:34.217023+00
3a010d9f-1952-4568-b23f-433e71c6a463,3eb1ec47-67b2-407a-b5c8-0545a66bffbf,waste_entries,INSERT,699b4bdd-a171-46be-92c7-bd6d2fd2135c,e0a94c66-47a3-4fff-811a-88a5eff00e07,"{""id"": ""699b4bdd-a171-46be-92c7-bd6d2fd2135c"", ""notes"": null, ""site_id"": ""e0a94c66-47a3-4fff-811a-88a5eff00e07"", ""location"": ""KCTRE04"", ""quantity"": 50, ""weight_kg"": 50, ""created_at"": ""2026-07-31T18:43:12.778381+00:00"", ""created_by"": ""3eb1ec47-67b2-407a-b5c8-0545a66bffbf"", ""updated_at"": ""2026-07-31T18:43:12.778381+00:00"", ""piece_count"": null, ""activity_type"": ""preventive"", ""waste_type_id"": ""waste-oil"", ""generated_date"": ""2026-08-01"", ""waste_category"": ""hazardous"", ""disposal_batch_id"": null}",2026-07-31 18:43:12.778381+00
c205d8c9-16ec-4002-98fa-b304ca863e76,3eb1ec47-67b2-407a-b5c8-0545a66bffbf,waste_entries,INSERT,8bf4a682-25e7-4cbc-9095-302090f6408a,e0a94c66-47a3-4fff-811a-88a5eff00e07,"{""id"": ""8bf4a682-25e7-4cbc-9095-302090f6408a"", ""notes"": null, ""site_id"": ""e0a94c66-47a3-4fff-811a-88a5eff00e07"", ""location"": ""KCTRE03"", ""quantity"": 40, ""weight_kg"": 40, ""created_at"": ""2026-07-31T18:43:47.299254+00:00"", ""created_by"": ""3eb1ec47-67b2-407a-b5c8-0545a66bffbf"", ""updated_at"": ""2026-07-31T18:43:47.299254+00:00"", ""piece_count"": null, ""activity_type"": ""preventive"", ""waste_type_id"": ""oil-cotton"", ""generated_date"": ""2026-08-01"", ""waste_category"": ""hazardous"", ""disposal_batch_id"": null}",2026-07-31 18:43:47.299254+00
324025f6-384c-46dc-8500-bdee33e4b952,3eb1ec47-67b2-407a-b5c8-0545a66bffbf,waste_entries,INSERT,4b4117dc-d238-4267-a11f-1d565ac6cc94,e0a94c66-47a3-4fff-811a-88a5eff00e07,"{""id"": ""4b4117dc-d238-4267-a11f-1d565ac6cc94"", ""notes"": null, ""site_id"": ""e0a94c66-47a3-4fff-811a-88a5eff00e07"", ""location"": ""KCTRE05"", ""quantity"": 35, ""weight_kg"": 35, ""created_at"": ""2026-07-31T18:44:12.872723+00:00"", ""created_by"": ""3eb1ec47-67b2-407a-b5c8-0545a66bffbf"", ""updated_at"": ""2026-07-31T18:44:12.872723+00:00"", ""piece_count"": null, ""activity_type"": ""preventive"", ""waste_type_id"": ""oil-cotton"", ""generated_date"": ""2026-08-01"", ""waste_category"": ""hazardous"", ""disposal_batch_id"": null}",2026-07-31 18:44:12.872723+00
e5c5cbab-23ae-4d9c-800f-dcc3c8af894e,3eb1ec47-67b2-407a-b5c8-0545a66bffbf,waste_entries,INSERT,c0c89cca-53b1-4157-bd93-a0b073188d3c,e0a94c66-47a3-4fff-811a-88a5eff00e07,"{""id"": ""c0c89cca-53b1-4157-bd93-a0b073188d3c"", ""notes"": null, ""site_id"": ""e0a94c66-47a3-4fff-811a-88a5eff00e07"", ""location"": ""KCTRE07"", ""quantity"": 34, ""weight_kg"": 34, ""created_at"": ""2026-07-31T18:44:36.732713+00:00"", ""created_by"": ""3eb1ec47-67b2-407a-b5c8-0545a66bffbf"", ""updated_at"": ""2026-07-31T18:44:36.732713+00:00"", ""piece_count"": null, ""activity_type"": ""preventive"", ""waste_type_id"": ""oil-cotton"", ""generated_date"": ""2026-08-01"", ""waste_category"": ""hazardous"", ""disposal_batch_id"": null}",2026-07-31 18:44:36.732713+00
9bd6cec9-bf38-431e-91ed-b3d532021ddf,3eb1ec47-67b2-407a-b5c8-0545a66bffbf,waste_entries,INSERT,8db7379e-0de4-4f08-9549-fee4a19a0b90,e0a94c66-47a3-4fff-811a-88a5eff00e07,"{""id"": ""8db7379e-0de4-4f08-9549-fee4a19a0b90"", ""notes"": null, ""site_id"": ""e0a94c66-47a3-4fff-811a-88a5eff00e07"", ""location"": ""KCTRE04"", ""quantity"": 35, ""weight_kg"": 35, ""created_at"": ""2026-07-31T18:45:07.719006+00:00"", ""created_by"": ""3eb1ec47-67b2-407a-b5c8-0545a66bffbf"", ""updated_at"": ""2026-07-31T18:45:07.719006+00:00"", ""piece_count"": null, ""activity_type"": ""preventive"", ""waste_type_id"": ""waste-grease"", ""generated_date"": ""2026-08-01"", ""waste_category"": ""hazardous"", ""disposal_batch_id"": null}",2026-07-31 18:45:07.719006+00
83028e27-487d-4cc3-b081-a2bfb48615d5,3eb1ec47-67b2-407a-b5c8-0545a66bffbf,waste_entries,INSERT,d17ba8c8-8967-42e1-a11a-cc9bdaabbbfe,e0a94c66-47a3-4fff-811a-88a5eff00e07,"{""id"": ""d17ba8c8-8967-42e1-a11a-cc9bdaabbbfe"", ""notes"": null, ""site_id"": ""e0a94c66-47a3-4fff-811a-88a5eff00e07"", ""location"": ""KCTRE05"", ""quantity"": 12, ""weight_kg"": 12, ""created_at"": ""2026-07-31T18:45:32.94535+00:00"", ""created_by"": ""3eb1ec47-67b2-407a-b5c8-0545a66bffbf"", ""updated_at"": ""2026-07-31T18:45:32.94535+00:00"", ""piece_count"": 4, ""activity_type"": ""preventive"", ""waste_type_id"": ""gb-oil-filter-offline"", ""generated_date"": ""2026-08-01"", ""waste_category"": ""hazardous"", ""disposal_batch_id"": null}",2026-07-31 18:45:32.94535+00
26767f2e-4846-4b90-aaec-2bdc9b177ade,3eb1ec47-67b2-407a-b5c8-0545a66bffbf,waste_entries,INSERT,e6b54bd2-ec9a-455c-a939-0603880cf010,e0a94c66-47a3-4fff-811a-88a5eff00e07,"{""id"": ""e6b54bd2-ec9a-455c-a939-0603880cf010"", ""notes"": null, ""site_id"": ""e0a94c66-47a3-4fff-811a-88a5eff00e07"", ""location"": ""KCTRE07"", ""quantity"": 10, ""weight_kg"": 10, ""created_at"": ""2026-07-31T18:51:18.036254+00:00"", ""created_by"": ""3eb1ec47-67b2-407a-b5c8-0545a66bffbf"", ""updated_at"": ""2026-07-31T18:51:18.036254+00:00"", ""piece_count"": null, ""activity_type"": ""preventive"", ""waste_type_id"": ""plastic-non-contaminated"", ""generated_date"": ""2026-08-01"", ""waste_category"": ""non_hazardous"", ""disposal_batch_id"": null}",2026-07-31 18:51:18.036254+00
40504fa4-1ca7-4547-9d26-605bef276031,3eb1ec47-67b2-407a-b5c8-0545a66bffbf,waste_entries,INSERT,eb87ca1c-695c-4afc-ad35-1b26efdae282,e0a94c66-47a3-4fff-811a-88a5eff00e07,"{""id"": ""eb87ca1c-695c-4afc-ad35-1b26efdae282"", ""notes"": null, ""site_id"": ""e0a94c66-47a3-4fff-811a-88a5eff00e07"", ""location"": ""GML139"", ""quantity"": 20, ""weight_kg"": 20, ""created_at"": ""2026-07-31T19:56:48.23063+00:00"", ""created_by"": ""3eb1ec47-67b2-407a-b5c8-0545a66bffbf"", ""updated_at"": ""2026-07-31T19:56:48.23063+00:00"", ""piece_count"": 8, ""activity_type"": ""preventive"", ""waste_type_id"": ""used-batteries"", ""generated_date"": ""2026-08-01"", ""waste_category"": ""e_waste"", ""disposal_batch_id"": null}",2026-07-31 19:56:48.23063+00
72d646d0-708b-4948-bf1c-aaa0c267f303,3eb1ec47-67b2-407a-b5c8-0545a66bffbf,waste_entries,INSERT,97fbcbf1-6c32-4045-9121-fdf36945e9f5,e0a94c66-47a3-4fff-811a-88a5eff00e07,"{""id"": ""97fbcbf1-6c32-4045-9121-fdf36945e9f5"", ""notes"": null, ""site_id"": ""e0a94c66-47a3-4fff-811a-88a5eff00e07"", ""location"": ""GML22"", ""quantity"": 20, ""weight_kg"": 20, ""created_at"": ""2026-07-31T20:22:14.708442+00:00"", ""created_by"": ""3eb1ec47-67b2-407a-b5c8-0545a66bffbf"", ""updated_at"": ""2026-07-31T20:22:14.708442+00:00"", ""piece_count"": 8, ""activity_type"": ""breakdown"", ""waste_type_id"": ""used-batteries"", ""generated_date"": ""2026-08-01"", ""waste_category"": ""e_waste"", ""disposal_batch_id"": null}",2026-07-31 20:22:14.708442+00
8000d455-8031-4a3e-a473-bf259c4ad96f,3eb1ec47-67b2-407a-b5c8-0545a66bffbf,waste_entries,INSERT,6ce51a46-6e87-4c75-8063-a16105ad8d7f,e0a94c66-47a3-4fff-811a-88a5eff00e07,"{""id"": ""6ce51a46-6e87-4c75-8063-a16105ad8d7f"", ""notes"": null, ""site_id"": ""e0a94c66-47a3-4fff-811a-88a5eff00e07"", ""location"": ""GML22"", ""quantity"": 20, ""weight_kg"": 20, ""created_at"": ""2026-07-31T20:22:24.758191+00:00"", ""created_by"": ""3eb1ec47-67b2-407a-b5c8-0545a66bffbf"", ""updated_at"": ""2026-07-31T20:22:24.758191+00:00"", ""piece_count"": 8, ""activity_type"": ""breakdown"", ""waste_type_id"": ""used-batteries"", ""generated_date"": ""2026-08-01"", ""waste_category"": ""e_waste"", ""disposal_batch_id"": null}",2026-07-31 20:22:24.758191+00
347f9656-4142-4e6c-98ca-d287e12960dc,3eb1ec47-67b2-407a-b5c8-0545a66bffbf,waste_entries,INSERT,7574025e-06e2-496a-a9f9-dbe568d51cc0,e0a94c66-47a3-4fff-811a-88a5eff00e07,"{""id"": ""7574025e-06e2-496a-a9f9-dbe568d51cc0"", ""notes"": null, ""site_id"": ""e0a94c66-47a3-4fff-811a-88a5eff00e07"", ""location"": ""GML60"", ""quantity"": 20, ""weight_kg"": 20, ""created_at"": ""2026-07-31T20:23:48.832647+00:00"", ""created_by"": ""3eb1ec47-67b2-407a-b5c8-0545a66bffbf"", ""updated_at"": ""2026-07-31T20:23:48.832647+00:00"", ""piece_count"": 3, ""activity_type"": ""preventive"", ""waste_type_id"": ""gb-oil-filter"", ""generated_date"": ""2026-08-01"", ""waste_category"": ""hazardous"", ""disposal_batch_id"": null}",2026-07-31 20:23:48.832647+00
04c38b9d-12ed-4c5c-b56c-19ec6228c3b3,3eb1ec47-67b2-407a-b5c8-0545a66bffbf,waste_entries,INSERT,444d46a8-0d13-46a5-a43e-ef3fe1639fe9,e0a94c66-47a3-4fff-811a-88a5eff00e07,"{""id"": ""444d46a8-0d13-46a5-a43e-ef3fe1639fe9"", ""notes"": null, ""site_id"": ""e0a94c66-47a3-4fff-811a-88a5eff00e07"", ""location"": ""KCTRE19"", ""quantity"": 6, ""weight_kg"": 6, ""created_at"": ""2026-08-01T03:42:13.408212+00:00"", ""created_by"": ""3eb1ec47-67b2-407a-b5c8-0545a66bffbf"", ""updated_at"": ""2026-08-01T03:42:13.408212+00:00"", ""piece_count"": 2, ""activity_type"": ""preventive"", ""waste_type_id"": ""gb-oil-filter"", ""generated_date"": ""2026-08-01"", ""waste_category"": ""hazardous"", ""disposal_batch_id"": null}",2026-08-01 03:42:13.408212+00
f160203f-264f-49c4-bb34-bcc58a14a139,3eb1ec47-67b2-407a-b5c8-0545a66bffbf,waste_entries,INSERT,1ffb0611-c61a-4cc8-b402-46dbccadb4a9,e0a94c66-47a3-4fff-811a-88a5eff00e07,"{""id"": ""1ffb0611-c61a-4cc8-b402-46dbccadb4a9"", ""notes"": null, ""site_id"": ""e0a94c66-47a3-4fff-811a-88a5eff00e07"", ""location"": ""GML22"", ""quantity"": 20, ""weight_kg"": 20, ""created_at"": ""2026-08-01T03:43:44.842821+00:00"", ""created_by"": ""3eb1ec47-67b2-407a-b5c8-0545a66bffbf"", ""updated_at"": ""2026-08-01T03:43:44.842821+00:00"", ""piece_count"": 8, ""activity_type"": ""preventive"", ""waste_type_id"": ""carbon-brush"", ""generated_date"": ""2026-08-01"", ""waste_category"": ""hazardous"", ""disposal_batch_id"": null}",2026-08-01 03:43:44.842821+00
f4de7362-2f11-4722-97cb-ace892fed420,3eb1ec47-67b2-407a-b5c8-0545a66bffbf,waste_entries,INSERT,59fb132f-18b1-4acb-93a9-f489a241910a,e0a94c66-47a3-4fff-811a-88a5eff00e07,"{""id"": ""59fb132f-18b1-4acb-93a9-f489a241910a"", ""notes"": null, ""site_id"": ""e0a94c66-47a3-4fff-811a-88a5eff00e07"", ""location"": ""GML60"", ""quantity"": 4, ""weight_kg"": 4, ""created_at"": ""2026-08-03T09:09:42.1404+00:00"", ""created_by"": ""3eb1ec47-67b2-407a-b5c8-0545a66bffbf"", ""updated_at"": ""2026-08-03T09:09:42.1404+00:00"", ""piece_count"": null, ""activity_type"": ""preventive"", ""waste_type_id"": ""scrap-insulator"", ""generated_date"": ""2026-08-03"", ""waste_category"": ""other_wastes"", ""disposal_batch_id"": null}",2026-08-03 09:09:42.1404+00
