id,full_name,email,created_at,updated_at
a95e54cf-055f-409c-a4ef-a6fbb11b2570,a@gmail.com,a@gmail.com,2026-06-20 17:07:41.983558+00,2026-06-20 17:07:41.983558+00
7fb8207b-81e2-4451-9fc7-bb998076273f,ab@gmail.com,ab@gmail.com,2026-06-21 16:25:11.087296+00,2026-06-21 16:25:11.087296+00
a482a017-b88e-4e12-9799-2a77e75bd1ea,md,b@renew.com,2026-06-22 16:22:00.901805+00,2026-06-22 16:22:00.901805+00
ae6cf895-2da2-4039-b077-e6639a7aa896,test account,az@renew.com,2026-06-30 01:12:46.544284+00,2026-06-30 01:12:46.544284+00
3eb1ec47-67b2-407a-b5c8-0545a66bffbf,Trail,a@renew.com,2026-07-01 15:11:09.192199+00,2026-07-01 15:11:09.192199+00
041d1716-2617-4774-95f0-c5597e7484f0,Nimbagallu site,nimbagallusite@renew.com,2026-07-04 00:40:28.073799+00,2026-07-04 00:40:28.073799+00
e6c872f1-9c6b-484a-a0cb-d834bcc6fca2,Ab,ab@renew.com,2026-07-06 08:45:47.096656+00,2026-07-06 08:45:47.096656+00
9c1c8196-aa23-42f8-865e-a8d028807fa7,Prasanna Naik ,prasanna.naik@renew.com,2026-07-06 08:51:15.815996+00,2026-07-06 08:51:15.815996+00
73d9f7ab-1e0f-4416-8698-df17a2e09bba,Penumalla Sai Srinivas,srinivas@renew.com,2026-07-06 14:23:20.462857+00,2026-07-06 14:23:20.462857+00
6a1e06d9-28f1-45ce-8df0-ddc09e716c18,Penumalla Sai Srinivas,srinivasp@renew.com,2026-07-06 14:33:59.504481+00,2026-07-06 14:33:59.504481+00
