id,site_id,code,label,is_common,sort_order,created_at,updated_at
642eb2ed-e22a-463a-9547-dae04b01e155,,HT Yard,,t,3,2026-06-18 15:33:06.755533+00,2026-06-18 15:33:06.755533+00
5f6d2ece-3019-4c7b-8fbc-8cb9847f1356,,PSS,,t,2,2026-06-18 15:33:06.755533+00,2026-06-18 15:33:06.755533+00
269932fd-72cc-414a-b81b-0e8f76c8ad45,,Hazardous Shed,,t,1,2026-06-18 15:33:06.755533+00,2026-06-18 15:33:06.755533+00
e574d969-6350-42b5-b24d-7cb244dc6208,e0a94c66-47a3-4fff-811a-88a5eff00e07,KCTRE01,,f,1,2026-06-18 15:33:06.755533+00,2026-06-18 15:33:06.755533+00
391937a6-2af8-47ba-8419-3dc55569d301,e0a94c66-47a3-4fff-811a-88a5eff00e07,KCTRE02,,f,2,2026-06-18 15:33:06.755533+00,2026-06-18 15:33:06.755533+00
f122dba6-dee7-476a-ba9a-6729f06f528c,e0a94c66-47a3-4fff-811a-88a5eff00e07,KCTRE03,,f,3,2026-06-18 15:33:06.755533+00,2026-06-18 15:33:06.755533+00
896c59e1-5077-4c23-8085-5f9294759b97,e0a94c66-47a3-4fff-811a-88a5eff00e07,KCTRE04,,f,4,2026-06-18 15:33:06.755533+00,2026-06-18 15:33:06.755533+00
f9cb30c9-0ecb-441a-b3cf-48369b3235b6,e0a94c66-47a3-4fff-811a-88a5eff00e07,KCTRE05,,f,5,2026-06-18 15:33:06.755533+00,2026-06-18 15:33:06.755533+00
f1e91d58-b31a-4d16-a6ca-d713f686aa82,e0a94c66-47a3-4fff-811a-88a5eff00e07,KCTRE06,,f,6,2026-06-18 15:33:06.755533+00,2026-06-18 15:33:06.755533+00
1a859d26-48ef-48c8-aa51-a7181b060c7d,e0a94c66-47a3-4fff-811a-88a5eff00e07,KCTRE07,,f,7,2026-06-18 15:33:06.755533+00,2026-06-18 15:33:06.755533+00
9b132119-4fd5-41fe-8f5e-e1d70ae94875,e0a94c66-47a3-4fff-811a-88a5eff00e07,KCTRE08,,f,8,2026-06-18 15:33:06.755533+00,2026-06-18 15:33:06.755533+00
a1ab6c97-7e4d-4fb1-ac7b-6762d481fddd,e0a94c66-47a3-4fff-811a-88a5eff00e07,KCTRE09,,f,9,2026-06-18 15:33:06.755533+00,2026-06-18 15:33:06.755533+00
72a67b9f-24dc-4066-9e94-dd532666cac9,e0a94c66-47a3-4fff-811a-88a5eff00e07,KCTRE10,,f,10,2026-06-18 15:33:06.755533+00,2026-06-18 15:33:06.755533+00
ca1e1c0a-20ec-4a84-83d5-424b27cd3ed8,e0a94c66-47a3-4fff-811a-88a5eff00e07,KCTRE11,,f,11,2026-06-18 15:33:06.755533+00,2026-06-18 15:33:06.755533+00
0d4629c8-f203-47b4-963b-3e2f1f799476,e0a94c66-47a3-4fff-811a-88a5eff00e07,KCTRE12,,f,12,2026-06-18 15:33:06.755533+00,2026-06-18 15:33:06.755533+00
89cc0a9d-89a5-4b92-96a8-bfb7fc2ac840,e0a94c66-47a3-4fff-811a-88a5eff00e07,KCTRE13,,f,13,2026-06-18 15:33:06.755533+00,2026-06-18 15:33:06.755533+00
78c4e375-f856-4955-b1c6-25a03a72fa9c,e0a94c66-47a3-4fff-811a-88a5eff00e07,KCTRE14,,f,14,2026-06-18 15:33:06.755533+00,2026-06-18 15:33:06.755533+00
08460c42-cec2-4db8-93bd-09cc0759d018,e0a94c66-47a3-4fff-811a-88a5eff00e07,KCTRE15,,f,15,2026-06-18 15:33:06.755533+00,2026-06-18 15:33:06.755533+00
7c4e1cb1-ce06-42a7-9721-df33a67f3370,e0a94c66-47a3-4fff-811a-88a5eff00e07,KCTRE16,,f,16,2026-06-18 15:33:06.755533+00,2026-06-18 15:33:06.755533+00
632c3039-8e35-4984-87f2-35c8b9d5dcc4,e0a94c66-47a3-4fff-811a-88a5eff00e07,KCTRE17,,f,17,2026-06-18 15:33:06.755533+00,2026-06-18 15:33:06.755533+00
9307f36f-00da-4817-9416-26c349531db6,e0a94c66-47a3-4fff-811a-88a5eff00e07,KCTRE18,,f,18,2026-06-18 15:33:06.755533+00,2026-06-18 15:33:06.755533+00
260f0bf3-805f-4a9f-be95-21412888315e,e0a94c66-47a3-4fff-811a-88a5eff00e07,KCTRE19,,f,19,2026-06-18 15:33:06.755533+00,2026-06-18 15:33:06.755533+00
68f86867-900a-47d7-b115-4cb416b84211,e0a94c66-47a3-4fff-811a-88a5eff00e07,KCTRE20,,f,20,2026-06-18 15:33:06.755533+00,2026-06-18 15:33:06.755533+00
0719b62c-84b5-41f3-9e08-56aeb1c2ddad,e0a94c66-47a3-4fff-811a-88a5eff00e07,GML22,,f,101,2026-06-18 15:33:06.755533+00,2026-06-18 15:33:06.755533+00
f04f791d-f6c1-4012-ae6e-2616c1c970f4,e0a94c66-47a3-4fff-811a-88a5eff00e07,GML24,,f,102,2026-06-18 15:33:06.755533+00,2026-06-18 15:33:06.755533+00
a1af3ac0-7a1f-43b9-b310-b41f656b8fee,e0a94c66-47a3-4fff-811a-88a5eff00e07,GML45,,f,103,2026-06-18 15:33:06.755533+00,2026-06-18 15:33:06.755533+00
1edb1cf1-4c6b-435b-a076-671301dd800e,e0a94c66-47a3-4fff-811a-88a5eff00e07,GML49,,f,104,2026-06-18 15:33:06.755533+00,2026-06-18 15:33:06.755533+00
ffb31eee-90ae-4402-b423-5d9fb19e1dc4,e0a94c66-47a3-4fff-811a-88a5eff00e07,GML50,,f,105,2026-06-18 15:33:06.755533+00,2026-06-18 15:33:06.755533+00
51eb3362-8a89-4745-bbbc-65afcff8ada1,e0a94c66-47a3-4fff-811a-88a5eff00e07,GML51,,f,106,2026-06-18 15:33:06.755533+00,2026-06-18 15:33:06.755533+00
dbb54109-ddd9-4477-8855-d980a05ea903,e0a94c66-47a3-4fff-811a-88a5eff00e07,GML52,,f,107,2026-06-18 15:33:06.755533+00,2026-06-18 15:33:06.755533+00
bf447096-b07e-4edf-8b82-563458bef9f5,e0a94c66-47a3-4fff-811a-88a5eff00e07,GML53,,f,108,2026-06-18 15:33:06.755533+00,2026-06-18 15:33:06.755533+00
59cbea53-67ce-4916-9fdc-485c58614924,e0a94c66-47a3-4fff-811a-88a5eff00e07,GML54,,f,109,2026-06-18 15:33:06.755533+00,2026-06-18 15:33:06.755533+00
4ced8248-8258-418a-94d1-68e188ea8c5f,e0a94c66-47a3-4fff-811a-88a5eff00e07,GML55,,f,110,2026-06-18 15:33:06.755533+00,2026-06-18 15:33:06.755533+00
2ce8986d-ef97-4369-a0fd-4937181ae1f2,e0a94c66-47a3-4fff-811a-88a5eff00e07,GML56,,f,111,2026-06-18 15:33:06.755533+00,2026-06-18 15:33:06.755533+00
e9d186b6-b499-446a-9f98-655b9cf9bbba,e0a94c66-47a3-4fff-811a-88a5eff00e07,GML57,,f,112,2026-06-18 15:33:06.755533+00,2026-06-18 15:33:06.755533+00
6d8608a1-de3f-4622-9d3b-6baf42609281,e0a94c66-47a3-4fff-811a-88a5eff00e07,GML58,,f,113,2026-06-18 15:33:06.755533+00,2026-06-18 15:33:06.755533+00
3aa3c7a1-c44e-4609-9992-cf41dae3249c,e0a94c66-47a3-4fff-811a-88a5eff00e07,GML59,,f,114,2026-06-18 15:33:06.755533+00,2026-06-18 15:33:06.755533+00
627c4d3a-6220-46e8-8c6b-1e86db75fdb3,e0a94c66-47a3-4fff-811a-88a5eff00e07,GML60,,f,115,2026-06-18 15:33:06.755533+00,2026-06-18 15:33:06.755533+00
ac614d6b-e32b-4499-8b14-b4e2c27c80e8,e0a94c66-47a3-4fff-811a-88a5eff00e07,GML61,,f,116,2026-06-18 15:33:06.755533+00,2026-06-18 15:33:06.755533+00
eedca966-895e-4129-9827-2a475fa8e4ae,e0a94c66-47a3-4fff-811a-88a5eff00e07,GML70,,f,117,2026-06-18 15:33:06.755533+00,2026-06-18 15:33:06.755533+00
9ef01e10-ffe1-4a26-ba52-0f356bc4e7dc,e0a94c66-47a3-4fff-811a-88a5eff00e07,GML71,,f,118,2026-06-18 15:33:06.755533+00,2026-06-18 15:33:06.755533+00
3e851929-01a6-4464-8c5a-fac2d2d11c59,e0a94c66-47a3-4fff-811a-88a5eff00e07,GML72,,f,119,2026-06-18 15:33:06.755533+00,2026-06-18 15:33:06.755533+00
5cc204aa-9190-4b83-a16e-c9d42c4681c6,e0a94c66-47a3-4fff-811a-88a5eff00e07,GML73,,f,120,2026-06-18 15:33:06.755533+00,2026-06-18 15:33:06.755533+00
460c3a83-40cb-467c-a89a-3a60330c40b4,e0a94c66-47a3-4fff-811a-88a5eff00e07,GML74,,f,121,2026-06-18 15:33:06.755533+00,2026-06-18 15:33:06.755533+00
77489365-6b14-4a3e-9d1f-d80ff61c5c0e,e0a94c66-47a3-4fff-811a-88a5eff00e07,GML139,,f,122,2026-06-18 15:33:06.755533+00,2026-06-18 15:33:06.755533+00
f0f7a316-c27b-41f1-8ece-df6b036ba7db,33565fa9-c510-4944-965b-b720ce097188,KCT01,,f,1,2026-06-18 15:33:06.755533+00,2026-06-18 15:33:06.755533+00
79df88fb-de6d-4a10-a1d6-fa1f1a3cab11,33565fa9-c510-4944-965b-b720ce097188,KCT02,,f,2,2026-06-18 15:33:06.755533+00,2026-06-18 15:33:06.755533+00
0b2c00f3-2d41-4be4-ab94-f101ea5e123e,33565fa9-c510-4944-965b-b720ce097188,KCT03,,f,3,2026-06-18 15:33:06.755533+00,2026-06-18 15:33:06.755533+00
22a713d1-1fe8-43c3-aefb-aaf2d98d556d,33565fa9-c510-4944-965b-b720ce097188,KCT04,,f,4,2026-06-18 15:33:06.755533+00,2026-06-18 15:33:06.755533+00
2e28cf7c-35dc-41e0-9b72-0fd4f684d600,33565fa9-c510-4944-965b-b720ce097188,KCT05,,f,5,2026-06-18 15:33:06.755533+00,2026-06-18 15:33:06.755533+00
033f70db-fc5e-43ac-9e11-3e3edb15f586,33565fa9-c510-4944-965b-b720ce097188,KCT06,,f,6,2026-06-18 15:33:06.755533+00,2026-06-18 15:33:06.755533+00
e42e0aa3-ec49-465f-b9a5-41f7a4cd00c7,33565fa9-c510-4944-965b-b720ce097188,KCT07,,f,7,2026-06-18 15:33:06.755533+00,2026-06-18 15:33:06.755533+00
6cd2ce36-687a-4b6c-ba24-4866d792004a,33565fa9-c510-4944-965b-b720ce097188,KCT08,,f,8,2026-06-18 15:33:06.755533+00,2026-06-18 15:33:06.755533+00
b39409a8-dc55-49c7-abe1-206a0ed181e4,33565fa9-c510-4944-965b-b720ce097188,KCT09,,f,9,2026-06-18 15:33:06.755533+00,2026-06-18 15:33:06.755533+00
e7b8654f-1476-41ee-84d6-c283ba50492c,33565fa9-c510-4944-965b-b720ce097188,KCT10,,f,10,2026-06-18 15:33:06.755533+00,2026-06-18 15:33:06.755533+00
e71092ac-7a0a-4c32-9279-ea945080d16e,33565fa9-c510-4944-965b-b720ce097188,KCT11,,f,11,2026-06-18 15:33:06.755533+00,2026-06-18 15:33:06.755533+00
e36ce888-4fde-463f-ab7f-d762efd576ee,33565fa9-c510-4944-965b-b720ce097188,KCT12,,f,12,2026-06-18 15:33:06.755533+00,2026-06-18 15:33:06.755533+00
3409d172-5d40-40ea-805c-5d6e6303f564,7f0564c7-b4f6-41a2-91f0-983cb0273f57,G2-04,,f,1,2026-07-04 00:20:41.00082+00,2026-07-04 00:20:41.00082+00
9e7cb945-f6ef-4fa9-b897-c8f990a8404e,7f0564c7-b4f6-41a2-91f0-983cb0273f57,G2-05,,f,2,2026-07-04 00:20:51.888656+00,2026-07-04 00:20:51.888656+00
49c1b6ec-7cd3-4cef-8efd-2ad141721db7,7f0564c7-b4f6-41a2-91f0-983cb0273f57,G2-07,,f,3,2026-07-04 00:21:00.187164+00,2026-07-04 00:21:00.187164+00
2e188cbd-aad3-4bbb-b1c1-bd25e04505b8,7f0564c7-b4f6-41a2-91f0-983cb0273f57,G2-08,,f,4,2026-07-04 00:21:08.332329+00,2026-07-04 00:21:08.332329+00
1f87ee2f-e6a7-4648-a77b-e2ebcca6a588,7f0564c7-b4f6-41a2-91f0-983cb0273f57,G2-09,,f,5,2026-07-04 00:21:23.234853+00,2026-07-04 00:21:23.234853+00
84353814-3898-413d-b0ea-1dee356b2d4c,7f0564c7-b4f6-41a2-91f0-983cb0273f57,G2-10,,f,6,2026-07-04 00:21:33.71138+00,2026-07-04 00:21:33.71138+00
886e3f1c-12e7-4ca3-9185-063c4f74a6b8,7f0564c7-b4f6-41a2-91f0-983cb0273f57,G2-01,,f,12,2026-07-04 00:22:28.160638+00,2026-07-04 00:22:28.160638+00
573f3938-53ff-41fc-bbe7-972c17871c72,7f0564c7-b4f6-41a2-91f0-983cb0273f57,G2-02,,f,13,2026-07-04 00:22:39.199141+00,2026-07-04 00:22:39.199141+00
85f08706-e6db-475d-abfb-56e8c6ec438e,7f0564c7-b4f6-41a2-91f0-983cb0273f57,G2-03,,f,14,2026-07-04 00:22:45.868514+00,2026-07-04 00:22:45.868514+00
fdae5d2b-3887-4b12-84f0-446d75d8dd26,7f0564c7-b4f6-41a2-91f0-983cb0273f57,G3-01,,f,15,2026-07-04 00:23:10.533701+00,2026-07-04 00:23:10.533701+00
0e7803a7-3e1d-4e43-a656-d3ebce45ab22,7f0564c7-b4f6-41a2-91f0-983cb0273f57,G3-02,,f,16,2026-07-04 00:23:16.575752+00,2026-07-04 00:23:16.575752+00
cb668740-1d7a-4a5f-9b57-9bd9dcec98cc,7f0564c7-b4f6-41a2-91f0-983cb0273f57,G3-03,,f,17,2026-07-04 00:23:26.030874+00,2026-07-04 00:23:26.030874+00
f9ed0a23-3137-46f7-a665-ffa6b8f73a5b,7f0564c7-b4f6-41a2-91f0-983cb0273f57,G3-04,,f,18,2026-07-04 00:23:34.751261+00,2026-07-04 00:23:34.751261+00
b01b1396-d521-4bc0-a8e9-ab59abfe1299,7f0564c7-b4f6-41a2-91f0-983cb0273f57,G3-05,,f,19,2026-07-04 00:23:40.241921+00,2026-07-04 00:23:40.241921+00
cd7809e9-eac7-48f5-b355-67696162a431,7f0564c7-b4f6-41a2-91f0-983cb0273f57,G3-06,,f,20,2026-07-04 00:23:45.231434+00,2026-07-04 00:23:45.231434+00
45f58bb3-2e2a-4834-aad8-af5f6497972a,7f0564c7-b4f6-41a2-91f0-983cb0273f57,G3-07,,f,21,2026-07-04 00:23:50.440985+00,2026-07-04 00:23:50.440985+00
4f43dd0e-f7ff-47a6-a672-60d6aa1c73bd,7f0564c7-b4f6-41a2-91f0-983cb0273f57,G3-08,,f,22,2026-07-04 00:23:59.733881+00,2026-07-04 00:23:59.733881+00
bc9c0b4b-512f-41a8-bd6a-7695b0778043,7f0564c7-b4f6-41a2-91f0-983cb0273f57,G3-09,,f,23,2026-07-04 00:24:05.903427+00,2026-07-04 00:24:05.903427+00
309e5bed-0096-483b-83c4-ec8354111bef,7f0564c7-b4f6-41a2-91f0-983cb0273f57,G3-10,,f,24,2026-07-04 00:24:13.168796+00,2026-07-04 00:24:13.168796+00
06a87729-cc2a-4f50-88f4-fb03802d8fe1,7f0564c7-b4f6-41a2-91f0-983cb0273f57,G3-11,,f,25,2026-07-04 00:24:17.849008+00,2026-07-04 00:24:17.849008+00
c923cd0e-5cb4-4b60-9d45-bd6e2abc8db2,7f0564c7-b4f6-41a2-91f0-983cb0273f57,G3-12,,f,26,2026-07-04 00:24:26.77328+00,2026-07-04 00:24:26.77328+00
0528ce48-9069-4531-b88b-61fe6b463204,7f0564c7-b4f6-41a2-91f0-983cb0273f57,G3-13,,f,27,2026-07-04 00:24:33.752183+00,2026-07-04 00:24:33.752183+00
05fe3eb3-5c00-4c32-936b-a5e3de7cb39c,7f0564c7-b4f6-41a2-91f0-983cb0273f57,G3-14,,f,28,2026-07-04 00:24:40.370545+00,2026-07-04 00:24:40.370545+00
8bbb34e1-492b-4748-b316-ba81286391e7,7f0564c7-b4f6-41a2-91f0-983cb0273f57,G3-15,,f,29,2026-07-04 00:24:45.62645+00,2026-07-04 00:24:45.62645+00
5c76f919-021e-4cac-8dd3-710f76322fe2,7f0564c7-b4f6-41a2-91f0-983cb0273f57,G3-16,,f,30,2026-07-04 00:24:52.622462+00,2026-07-04 00:24:52.622462+00
63cd64ee-0d12-470a-a58c-a77ac73d09aa,7f0564c7-b4f6-41a2-91f0-983cb0273f57,G3-17,,f,31,2026-07-04 00:24:58.556311+00,2026-07-04 00:24:58.556311+00
eb74c697-ae37-4f04-bd7b-f549249996fe,7f0564c7-b4f6-41a2-91f0-983cb0273f57,G-442,,f,33,2026-07-04 00:25:16.747599+00,2026-07-04 00:25:16.747599+00
6b38cdb1-6d47-4a8f-8f8d-f51fea29f15d,7f0564c7-b4f6-41a2-91f0-983cb0273f57,G2-23,,f,35,2026-07-04 00:25:35.713922+00,2026-07-04 00:25:35.713922+00
8628c88d-be43-4683-9cf7-0449e9131438,7f0564c7-b4f6-41a2-91f0-983cb0273f57,G2-25,,f,37,2026-07-04 00:25:47.283737+00,2026-07-04 00:25:47.283737+00
9e19d230-957d-4d73-bea0-56c74b1ed055,7f0564c7-b4f6-41a2-91f0-983cb0273f57,G3-18,,f,32,2026-07-04 00:25:04.977242+00,2026-07-04 00:25:04.977242+00
21e31e42-3ea1-4235-ae43-bb483df1b871,7f0564c7-b4f6-41a2-91f0-983cb0273f57,G2-22,,f,34,2026-07-04 00:25:27.530797+00,2026-07-04 00:25:27.530797+00
ad1376e7-18c0-4db8-9932-5204f676608d,7f0564c7-b4f6-41a2-91f0-983cb0273f57,G2-24,,f,36,2026-07-04 00:25:41.750999+00,2026-07-04 00:25:41.750999+00
10eba800-bdd9-4883-a75e-4eee21bfa732,7f0564c7-b4f6-41a2-91f0-983cb0273f57,G2-33,,f,38,2026-07-04 00:27:46.156776+00,2026-07-04 00:27:46.156776+00
02502b02-412c-4eef-b158-ed3d77b867bb,7f0564c7-b4f6-41a2-91f0-983cb0273f57,G2-34,,f,39,2026-07-04 00:27:51.597876+00,2026-07-04 00:27:51.597876+00
903bf47f-4a16-46df-9368-68b8ef1573c4,7f0564c7-b4f6-41a2-91f0-983cb0273f57,G2-36,,f,40,2026-07-04 00:28:00.987159+00,2026-07-04 00:28:00.987159+00
168372bb-09ae-430a-8b52-1a2e1b9b1f87,7f0564c7-b4f6-41a2-91f0-983cb0273f57,G3-29,,f,41,2026-07-04 00:28:19.274457+00,2026-07-04 00:28:19.274457+00
39955c1f-c0ef-409a-bf3d-dc05648dbcd6,7f0564c7-b4f6-41a2-91f0-983cb0273f57,G3-30,,f,42,2026-07-04 00:28:25.992306+00,2026-07-04 00:28:25.992306+00
abf958ff-fd05-44bd-920a-3d8c5066f7c5,7f0564c7-b4f6-41a2-91f0-983cb0273f57,G3-31,,f,43,2026-07-04 00:28:34.986439+00,2026-07-04 00:28:34.986439+00
43aa901a-db98-4db8-bf50-2ad28c2baeb9,7f0564c7-b4f6-41a2-91f0-983cb0273f57,G3-32,,f,44,2026-07-04 00:28:45.613592+00,2026-07-04 00:28:45.613592+00
c3228ea1-2b88-499b-8793-11ee1ba1892e,7f0564c7-b4f6-41a2-91f0-983cb0273f57,G3-33,,f,45,2026-07-04 00:28:52.608555+00,2026-07-04 00:28:52.608555+00
111d34be-841e-4cb9-8fca-093c3453216a,7f0564c7-b4f6-41a2-91f0-983cb0273f57,G3-47,,f,46,2026-07-04 00:29:07.726999+00,2026-07-04 00:29:07.726999+00
2b21b9f0-9748-41a3-a18c-e9e5552f0b7d,7f0564c7-b4f6-41a2-91f0-983cb0273f57,G3-48,,f,47,2026-07-04 00:29:16.034395+00,2026-07-04 00:29:16.034395+00
a27c1a64-90c1-42de-832b-9bc130c3f3ff,7f0564c7-b4f6-41a2-91f0-983cb0273f57,G3-49,,f,48,2026-07-04 00:29:22.581501+00,2026-07-04 00:29:22.581501+00
f2a0ed85-8245-4d29-ae00-326dcf56d9d8,7f0564c7-b4f6-41a2-91f0-983cb0273f57,G3-50,,f,49,2026-07-04 00:29:31.770139+00,2026-07-04 00:29:31.770139+00
34ea8715-2ce7-4873-ac04-3a0ef9908d0b,7f0564c7-b4f6-41a2-91f0-983cb0273f57,G3-51,,f,50,2026-07-04 00:29:40.527082+00,2026-07-04 00:29:40.527082+00
ef3149dc-8697-48f0-a4ca-5d7cc3daf2f3,7f0564c7-b4f6-41a2-91f0-983cb0273f57,G3-52,,f,51,2026-07-04 00:29:49.402296+00,2026-07-04 00:29:49.402296+00
e42214ac-05bb-466e-b679-3ecd059b3c33,7f0564c7-b4f6-41a2-91f0-983cb0273f57,G3-53,,f,52,2026-07-04 00:29:57.219836+00,2026-07-04 00:29:57.219836+00
dd4dcacf-981a-4629-811e-bdefe1afa731,7f0564c7-b4f6-41a2-91f0-983cb0273f57,G3-54,,f,53,2026-07-04 00:30:04.233249+00,2026-07-04 00:30:04.233249+00
79211123-c1b1-4e95-8216-3bd21223e64d,7f0564c7-b4f6-41a2-91f0-983cb0273f57,G3-55,,f,54,2026-07-04 00:30:08.965209+00,2026-07-04 00:30:08.965209+00
ac278df6-1520-436e-b0ef-b605e64b272f,7f0564c7-b4f6-41a2-91f0-983cb0273f57,G3-56,,f,55,2026-07-04 00:30:14.552432+00,2026-07-04 00:30:14.552432+00
