id,user_id,site_id,role,created_at
a490de70-bbba-4778-b974-eb432f7e7073,a95e54cf-055f-409c-a4ef-a6fbb11b2570,e0a94c66-47a3-4fff-811a-88a5eff00e07,admin,2026-06-20 17:10:06.768239+00
3b4a61ec-f9b6-4c43-b8d5-d385cf119770,a95e54cf-055f-409c-a4ef-a6fbb11b2570,7f0564c7-b4f6-41a2-91f0-983cb0273f57,admin,2026-06-20 17:10:06.768239+00
f7fe7bf6-50e9-45ac-8cc4-ee51b7267d05,a95e54cf-055f-409c-a4ef-a6fbb11b2570,33565fa9-c510-4944-965b-b720ce097188,admin,2026-06-20 17:10:06.768239+00
ddf9a63c-26a4-4976-a233-3e2dd9137178,7fb8207b-81e2-4451-9fc7-bb998076273f,7f0564c7-b4f6-41a2-91f0-983cb0273f57,member,2026-06-21 16:25:11.843657+00
17de260c-bb3c-44ae-88b4-d4a25a38b4de,041d1716-2617-4774-95f0-c5597e7484f0,7f0564c7-b4f6-41a2-91f0-983cb0273f57,member,2026-07-04 00:42:47.48135+00
038ff8ca-5ff5-4d7a-b6dd-7761d9f70428,e6c872f1-9c6b-484a-a0cb-d834bcc6fca2,e0a94c66-47a3-4fff-811a-88a5eff00e07,member,2026-07-06 08:47:26.835562+00
58deeb50-b951-4b3f-848c-a44515e96212,9c1c8196-aa23-42f8-865e-a8d028807fa7,e0a94c66-47a3-4fff-811a-88a5eff00e07,member,2026-07-06 09:31:26.172672+00
f04e340d-ddd7-47ae-a838-cccb07b456b0,73d9f7ab-1e0f-4416-8698-df17a2e09bba,33565fa9-c510-4944-965b-b720ce097188,member,2026-07-06 14:25:07.205504+00
49ab9963-efde-44a7-a647-9ffe8714060f,6a1e06d9-28f1-45ce-8df0-ddc09e716c18,e0a94c66-47a3-4fff-811a-88a5eff00e07,member,2026-07-06 14:34:17.447559+00
52d1e8f7-21fe-4498-9358-0b87e17ae260,ae6cf895-2da2-4039-b077-e6639a7aa896,e0a94c66-47a3-4fff-811a-88a5eff00e07,manager,2026-07-08 05:53:34.050212+00
972514d5-5a64-4f15-a5d5-ea969af0f2c7,3eb1ec47-67b2-407a-b5c8-0545a66bffbf,e0a94c66-47a3-4fff-811a-88a5eff00e07,manager,2026-07-08 05:57:19.791282+00
