id,user_id,site_id,created_at
3b82e781-a277-43bc-8fab-b9e43ca64283,a95e54cf-055f-409c-a4ef-a6fbb11b2570,e0a94c66-47a3-4fff-811a-88a5eff00e07,2026-06-20 17:10:06.768239+00
a1bbd870-4ce1-4c94-bdbf-71921cf244ed,a95e54cf-055f-409c-a4ef-a6fbb11b2570,7f0564c7-b4f6-41a2-91f0-983cb0273f57,2026-06-20 17:10:06.768239+00
3672f96d-c24f-4b89-a127-175e149238f1,a95e54cf-055f-409c-a4ef-a6fbb11b2570,33565fa9-c510-4944-965b-b720ce097188,2026-06-20 17:10:06.768239+00
d2fc17c1-8485-436a-825d-9c92c7a184e6,7fb8207b-81e2-4451-9fc7-bb998076273f,7f0564c7-b4f6-41a2-91f0-983cb0273f57,2026-06-21 16:25:11.748144+00
48dbcb12-fc0d-4637-8301-14bf8adc4fdf,041d1716-2617-4774-95f0-c5597e7484f0,7f0564c7-b4f6-41a2-91f0-983cb0273f57,2026-07-04 00:42:47.374957+00
a497f9a4-299a-42e8-9f47-50d6629a9dcc,e6c872f1-9c6b-484a-a0cb-d834bcc6fca2,e0a94c66-47a3-4fff-811a-88a5eff00e07,2026-07-06 08:47:26.722359+00
30aadd70-e386-4901-a86c-94ca1ceb0c8c,9c1c8196-aa23-42f8-865e-a8d028807fa7,e0a94c66-47a3-4fff-811a-88a5eff00e07,2026-07-06 09:31:25.696124+00
3f98fc7d-4cf3-40b6-9ca1-b77f1326c41a,73d9f7ab-1e0f-4416-8698-df17a2e09bba,33565fa9-c510-4944-965b-b720ce097188,2026-07-06 14:25:07.003149+00
5227050f-9977-4bf9-9b67-15c9de5a8ad2,6a1e06d9-28f1-45ce-8df0-ddc09e716c18,e0a94c66-47a3-4fff-811a-88a5eff00e07,2026-07-06 14:34:17.368019+00
b295d3f5-dc44-412a-bac6-8c8623ac0305,ae6cf895-2da2-4039-b077-e6639a7aa896,e0a94c66-47a3-4fff-811a-88a5eff00e07,2026-06-30 01:13:13.270128+00
84d7b57c-da19-45b9-9e3c-f59892c0bc97,3eb1ec47-67b2-407a-b5c8-0545a66bffbf,e0a94c66-47a3-4fff-811a-88a5eff00e07,2026-07-01 15:13:49.843171+00
