bucket_id,name
database_export_08_07_26,waste-buddy-tracker_260708.backup
waste-photos,7f0564c7-b4f6-41a2-91f0-983cb0273f57/94c198f6-b6e0-4aa6-961b-8a24abc8f1e7/58315b76-aeca-49ea-a64d-1fcefacc68fa.jpg
waste-photos,7f0564c7-b4f6-41a2-91f0-983cb0273f57/e74848d2-7bfc-406a-becd-ea6937c72963/5501fd2b-c689-4428-a5cd-1ac497c2f813.jpg
waste-photos,7f0564c7-b4f6-41a2-91f0-983cb0273f57/e81b91f7-ac10-4350-94d6-5fcc3d2457dc/232c8aee-4dab-41b4-b8c3-82c414596a5f.jpg
waste-photos,e0a94c66-47a3-4fff-811a-88a5eff00e07/04d3e141-bd03-429b-acf0-8628c2be957a/3e3ff400-23cf-4149-b175-847f783a46d0.jpg
waste-photos,e0a94c66-47a3-4fff-811a-88a5eff00e07/0e03eb48-b597-4858-a0ae-36eee29f9763/fb5b5b5d-34d5-4a0b-83be-95b19863b3f8.jpg
waste-photos,e0a94c66-47a3-4fff-811a-88a5eff00e07/0e139c80-eae6-42e1-8bab-a0fd4ce4fc42/f71857c8-6a59-4749-87c5-eb0fae6d6434.jpg
waste-photos,e0a94c66-47a3-4fff-811a-88a5eff00e07/1ffb0611-c61a-4cc8-b402-46dbccadb4a9/99665c50-dea1-4850-95b1-404efde41287.jpg
waste-photos,e0a94c66-47a3-4fff-811a-88a5eff00e07/2c8e2783-6bdb-4adc-96d5-af19636c3710/b5798975-2507-4b26-bc21-df3c079ad55b.jpg
waste-photos,e0a94c66-47a3-4fff-811a-88a5eff00e07/38cedcee-76c1-4396-8f59-3a8dc9018867/8842eac9-31db-4adb-8058-9b7ec9b65863.jpg
waste-photos,e0a94c66-47a3-4fff-811a-88a5eff00e07/444d46a8-0d13-46a5-a43e-ef3fe1639fe9/1e823150-1f5f-4703-99e8-7b58eac81b7e.jpg
waste-photos,e0a94c66-47a3-4fff-811a-88a5eff00e07/5d3ff0ac-b5c5-4be0-a608-9a2de2842844/64ecbc51-0306-4c8c-8fe5-78254a63e9af.jpg
waste-photos,e0a94c66-47a3-4fff-811a-88a5eff00e07/6bd3d627-8a59-4892-9b37-4cd738a7a757/bfe1915b-59dc-482f-ae1a-e1ddea1e5cff.jpg
waste-photos,e0a94c66-47a3-4fff-811a-88a5eff00e07/6e62e539-c905-4a38-929c-d86e74b8a970/3f4eacd1-81c8-42d0-bf58-307533e434fc.jpg
waste-photos,e0a94c66-47a3-4fff-811a-88a5eff00e07/7574025e-06e2-496a-a9f9-dbe568d51cc0/9ab21e1c-86a3-4b67-bde2-794c5aabc1d9.jpg
waste-photos,e0a94c66-47a3-4fff-811a-88a5eff00e07/80d21483-025a-43eb-b74a-52ae0f64ca85/0601acac-4fd1-4eef-a79f-4481af0d1e35.jpg
waste-photos,e0a94c66-47a3-4fff-811a-88a5eff00e07/9f44c462-e132-457c-822b-5ddd6ce799a6/0a89e3a0-a508-4bb4-8e86-6456f59bf621.jpg
waste-photos,e0a94c66-47a3-4fff-811a-88a5eff00e07/a227c359-f8c6-49da-a418-40f374fb2094/b3cb41c9-dfa8-4736-9ee8-e2f54f5fefef.jpg
waste-photos,e0a94c66-47a3-4fff-811a-88a5eff00e07/a353d114-d6cb-45af-9027-26782c1adb72/2ec6e4f9-4e8f-4b5e-a0d9-62c9b13d3bc5.jpg
waste-photos,e0a94c66-47a3-4fff-811a-88a5eff00e07/b42632d3-6ead-4de2-b6e8-de2a940bf7d7/2f9dd7bd-6818-4a7f-b75a-2485ea95011d.jpg
waste-photos,e0a94c66-47a3-4fff-811a-88a5eff00e07/c082e93f-0db4-4241-a551-c29a75f86672/3f6ee55c-016a-4861-a575-71e08ca10b73.jpg
waste-photos,e0a94c66-47a3-4fff-811a-88a5eff00e07/da51c05e-6e69-4fe8-860e-f28f1f817c5e/e861915e-22fc-4436-a621-f67cf854199b.jpg
waste-photos,e0a94c66-47a3-4fff-811a-88a5eff00e07/ede32720-72ca-4d43-a38a-858341d37fca/f42f1979-7fd0-4387-8eed-c3698cf1e5cc.jpg
