id,site_id,waste_type_id,waste_category,quantity,generated_date,activity_type,notes,disposal_batch_id,created_by,created_at,updated_at,location,weight_kg,piece_count
69c000b6-4d9d-43fc-9569-cb04c2895383,e0a94c66-47a3-4fff-811a-88a5eff00e07,waste-grease,hazardous,30,2026-06-20,breakdown,From main bearing ,,a95e54cf-055f-409c-a4ef-a6fbb11b2570,2026-06-21 16:50:40.848505+00,2026-07-06 05:21:49.392414+00,KCTRE01,30,
35812313-a65c-4bbd-83fe-20219f2472d1,e0a94c66-47a3-4fff-811a-88a5eff00e07,waste-oil,hazardous,20,2026-06-21,breakdown,Gearbox oil,,a95e54cf-055f-409c-a4ef-a6fbb11b2570,2026-06-21 16:51:09.731316+00,2026-07-06 05:21:49.392414+00,KCTRE03,20,
88728897-af29-4653-bf9d-d2b65e5e9644,e0a94c66-47a3-4fff-811a-88a5eff00e07,oil-cotton,hazardous,100,2026-03-01,preventive,PM ,,a95e54cf-055f-409c-a4ef-a6fbb11b2570,2026-06-21 16:52:04.799721+00,2026-07-06 05:21:49.392414+00,KCTRE09,100,
4fe88f90-260e-43df-b8f7-c4219f8d8729,e0a94c66-47a3-4fff-811a-88a5eff00e07,carbon-brush,hazardous,50,2026-03-06,preventive,Generator,,a95e54cf-055f-409c-a4ef-a6fbb11b2570,2026-06-21 16:53:41.709461+00,2026-07-06 05:21:49.392414+00,KCTRE08,50,
3be5f09e-76ae-4c2d-99ab-cef63c0250e6,e0a94c66-47a3-4fff-811a-88a5eff00e07,hu-oil-filter,hazardous,20,2026-03-24,breakdown,,,a95e54cf-055f-409c-a4ef-a6fbb11b2570,2026-06-21 16:54:18.663648+00,2026-07-06 05:21:49.392414+00,GML139,20,
ebd87996-4857-4f14-8e5d-8b34aa3ed5d6,e0a94c66-47a3-4fff-811a-88a5eff00e07,used-batteries,hazardous,8,2026-06-29,breakdown,Ups replaced ,,a95e54cf-055f-409c-a4ef-a6fbb11b2570,2026-06-29 16:42:20.833967+00,2026-07-06 05:21:49.392414+00,KCTRE02,8,
a0cfe1a1-d5af-4c42-aff1-994ca7754eb2,e0a94c66-47a3-4fff-811a-88a5eff00e07,plastic-waste,non_hazardous,5,2026-06-30,breakdown,,,ae6cf895-2da2-4039-b077-e6639a7aa896,2026-06-30 01:14:27.49901+00,2026-07-06 05:21:49.392414+00,KCTRE07,5,
34cc5a07-75f5-4261-897b-ceaaa6454c2b,e0a94c66-47a3-4fff-811a-88a5eff00e07,paper-waste,non_hazardous,50,2026-07-01,breakdown,,,a95e54cf-055f-409c-a4ef-a6fbb11b2570,2026-07-01 15:07:27.118268+00,2026-07-06 05:21:49.392414+00,KCTRE02,50,
ede32720-72ca-4d43-a38a-858341d37fca,e0a94c66-47a3-4fff-811a-88a5eff00e07,plastic-non-contaminated,non_hazardous,5,2026-07-02,breakdown,,,a95e54cf-055f-409c-a4ef-a6fbb11b2570,2026-07-02 06:33:03.462208+00,2026-07-06 05:21:49.392414+00,KCTRE04,5,
0e03eb48-b597-4858-a0ae-36eee29f9763,e0a94c66-47a3-4fff-811a-88a5eff00e07,waste-oil,hazardous,5,2026-07-02,breakdown,,,3eb1ec47-67b2-407a-b5c8-0545a66bffbf,2026-07-02 06:46:53.071008+00,2026-07-06 05:21:49.392414+00,KCTRE05,5,
da51c05e-6e69-4fe8-860e-f28f1f817c5e,e0a94c66-47a3-4fff-811a-88a5eff00e07,oil-filters-misc,hazardous,9,2026-07-02,preventive,,,3eb1ec47-67b2-407a-b5c8-0545a66bffbf,2026-07-02 06:49:07.042752+00,2026-07-06 05:21:49.392414+00,KCTRE06,9,
a353d114-d6cb-45af-9027-26782c1adb72,e0a94c66-47a3-4fff-811a-88a5eff00e07,waste-oil,hazardous,10,2026-07-02,preventive,,,3eb1ec47-67b2-407a-b5c8-0545a66bffbf,2026-07-02 06:49:34.845977+00,2026-07-06 05:21:49.392414+00,KCTRE07,10,
c082e93f-0db4-4241-a551-c29a75f86672,e0a94c66-47a3-4fff-811a-88a5eff00e07,gb-oil-filter,hazardous,3,2026-07-02,breakdown,,,3eb1ec47-67b2-407a-b5c8-0545a66bffbf,2026-07-02 06:52:33.529198+00,2026-07-06 05:21:49.392414+00,KCTRE10,3,
6e62e539-c905-4a38-929c-d86e74b8a970,e0a94c66-47a3-4fff-811a-88a5eff00e07,waste-oil,hazardous,5,2026-07-02,breakdown,,,3eb1ec47-67b2-407a-b5c8-0545a66bffbf,2026-07-02 11:24:28.228169+00,2026-07-06 05:21:49.392414+00,GML45,5,
b42632d3-6ead-4de2-b6e8-de2a940bf7d7,e0a94c66-47a3-4fff-811a-88a5eff00e07,gb-oil-filter,hazardous,5,2026-07-03,breakdown,,,3eb1ec47-67b2-407a-b5c8-0545a66bffbf,2026-07-03 14:34:06.879721+00,2026-07-06 05:21:49.392414+00,GML139,5,
0e139c80-eae6-42e1-8bab-a0fd4ce4fc42,e0a94c66-47a3-4fff-811a-88a5eff00e07,carbon-brush,hazardous,20,2026-07-03,preventive,,,3eb1ec47-67b2-407a-b5c8-0545a66bffbf,2026-07-03 14:35:35.218368+00,2026-07-06 05:21:49.392414+00,GML70,20,
e74848d2-7bfc-406a-becd-ea6937c72963,7f0564c7-b4f6-41a2-91f0-983cb0273f57,waste-oil,hazardous,20,2026-07-04,preventive,,,a95e54cf-055f-409c-a4ef-a6fbb11b2570,2026-07-04 00:31:57.296963+00,2026-07-06 05:21:49.392414+00,G-442,20,
e81b91f7-ac10-4350-94d6-5fcc3d2457dc,7f0564c7-b4f6-41a2-91f0-983cb0273f57,waste-grease,hazardous,30,2026-04-01,breakdown,,,a95e54cf-055f-409c-a4ef-a6fbb11b2570,2026-07-04 00:33:26.214258+00,2026-07-06 05:21:49.392414+00,G3-08,30,
94c198f6-b6e0-4aa6-961b-8a24abc8f1e7,7f0564c7-b4f6-41a2-91f0-983cb0273f57,plastic-waste,hazardous,10,2026-05-01,preventive,,,a95e54cf-055f-409c-a4ef-a6fbb11b2570,2026-07-04 00:34:42.480774+00,2026-07-06 05:21:49.392414+00,Hazardous Shed,10,
de8d9f8c-dc7e-4087-80ca-5e5b04a6c69e,7f0564c7-b4f6-41a2-91f0-983cb0273f57,carbon-brush,hazardous,20,2026-07-04,preventive,,,a95e54cf-055f-409c-a4ef-a6fbb11b2570,2026-07-04 00:35:16.986599+00,2026-07-06 05:21:49.392414+00,G3-31,20,
d7fb812d-cbd6-4da6-89a2-f8bb99b92157,33565fa9-c510-4944-965b-b720ce097188,plastic-non-contaminated,non_hazardous,5,2026-07-04,breakdown,,,a95e54cf-055f-409c-a4ef-a6fbb11b2570,2026-07-04 00:37:15.685409+00,2026-07-06 05:21:49.392414+00,KCT01,5,
6dc23059-ba08-4e1d-927c-01f50681cb6c,33565fa9-c510-4944-965b-b720ce097188,used-batteries,hazardous,8,2026-07-04,breakdown,,,a95e54cf-055f-409c-a4ef-a6fbb11b2570,2026-07-04 00:37:35.77847+00,2026-07-06 05:21:49.392414+00,KCT04,8,
4937b3f1-63c4-466a-8098-0e541cde5944,33565fa9-c510-4944-965b-b720ce097188,waste-grease,hazardous,20,2026-07-04,preventive,,,a95e54cf-055f-409c-a4ef-a6fbb11b2570,2026-07-04 00:38:09.275089+00,2026-07-06 05:21:49.392414+00,KCT05,20,
38cedcee-76c1-4396-8f59-3a8dc9018867,e0a94c66-47a3-4fff-811a-88a5eff00e07,hu-oil-filter,hazardous,9,2026-07-04,preventive,,,a95e54cf-055f-409c-a4ef-a6fbb11b2570,2026-07-04 13:50:49.875753+00,2026-07-06 05:21:49.392414+00,KCTRE06,9,
10644b9a-85ae-4735-acee-e8d5faacc717,e0a94c66-47a3-4fff-811a-88a5eff00e07,gb-oil-filter,hazardous,5,2026-07-04,5s,,,a95e54cf-055f-409c-a4ef-a6fbb11b2570,2026-07-04 14:55:11.161991+00,2026-07-06 05:21:49.392414+00,KCTRE15,5,
6bd3d627-8a59-4892-9b37-4cd738a7a757,e0a94c66-47a3-4fff-811a-88a5eff00e07,hu-oil-filter,hazardous,12,2026-07-06,preventive,,,3eb1ec47-67b2-407a-b5c8-0545a66bffbf,2026-07-06 05:36:30.631732+00,2026-07-06 05:36:30.631732+00,KCTRE04,12,3
6523d7eb-57e7-424a-955e-620f63b44e0e,e0a94c66-47a3-4fff-811a-88a5eff00e07,dust-filter-mat,hazardous,5,2026-07-06,breakdown,,,3eb1ec47-67b2-407a-b5c8-0545a66bffbf,2026-07-06 05:37:19.141036+00,2026-07-06 05:37:19.141036+00,GML74,5,
e7a4f905-f751-492d-9503-b123948be141,e0a94c66-47a3-4fff-811a-88a5eff00e07,wooden-boxes,non_hazardous,30,2026-07-06,breakdown,,,3eb1ec47-67b2-407a-b5c8-0545a66bffbf,2026-07-06 05:37:57.632514+00,2026-07-06 05:37:57.632514+00,GML71,30,4
dc94156b-f29d-42b1-aaf0-b7cd8ebb51e1,e0a94c66-47a3-4fff-811a-88a5eff00e07,used-batteries,hazardous,12,2026-07-06,preventive,,,e6c872f1-9c6b-484a-a0cb-d834bcc6fca2,2026-07-06 08:48:18.136382+00,2026-07-06 08:48:18.136382+00,KCTRE12,12,8
c7f382d0-46ef-49fb-8ab7-a5d7120e242e,e0a94c66-47a3-4fff-811a-88a5eff00e07,packaging-waste,non_hazardous,20,2026-07-07,5s,,,3eb1ec47-67b2-407a-b5c8-0545a66bffbf,2026-07-07 03:36:44.445302+00,2026-07-07 03:36:44.445302+00,KCTRE03,20,
c31e2edd-f589-40e9-9556-67ec26390995,e0a94c66-47a3-4fff-811a-88a5eff00e07,hu-oil-filter,hazardous,4,2026-07-07,breakdown,,,3eb1ec47-67b2-407a-b5c8-0545a66bffbf,2026-07-07 19:49:50.929482+00,2026-07-07 19:49:50.929482+00,GML73,4,1
80d21483-025a-43eb-b74a-52ae0f64ca85,e0a94c66-47a3-4fff-811a-88a5eff00e07,dust-filter-mat,hazardous,5,2026-07-08,preventive,,,3eb1ec47-67b2-407a-b5c8-0545a66bffbf,2026-07-08 05:19:55.996031+00,2026-07-08 05:19:55.996031+00,KCTRE11,5,
dcec2a31-1819-4682-891e-1ce425a30878,e0a94c66-47a3-4fff-811a-88a5eff00e07,gb-oil-filter,hazardous,8,2026-07-08,preventive,,,3eb1ec47-67b2-407a-b5c8-0545a66bffbf,2026-07-08 16:56:02.721806+00,2026-07-08 16:56:02.721806+00,GML70,8,3
9f44c462-e132-457c-822b-5ddd6ce799a6,e0a94c66-47a3-4fff-811a-88a5eff00e07,hu-oil-filter,hazardous,5,2026-07-08,preventive,,,3eb1ec47-67b2-407a-b5c8-0545a66bffbf,2026-07-08 17:36:30.249429+00,2026-07-08 17:36:30.249429+00,GML55,5,3
c4957ed0-0146-4f12-b4ea-f2cb06ba095d,e0a94c66-47a3-4fff-811a-88a5eff00e07,empty-containers,hazardous,50,2026-07-09,preventive,,,3eb1ec47-67b2-407a-b5c8-0545a66bffbf,2026-07-09 06:46:14.832634+00,2026-07-09 06:46:14.832634+00,KCTRE19,50,8
48037367-6f54-46f3-9565-7c3390991421,e0a94c66-47a3-4fff-811a-88a5eff00e07,plastic-non-contaminated,non_hazardous,5,2026-07-10,5s,,,3eb1ec47-67b2-407a-b5c8-0545a66bffbf,2026-07-10 17:18:23.990655+00,2026-07-10 17:18:23.990655+00,GML139,5,
4daf7511-6277-4616-af4b-699604f9d758,e0a94c66-47a3-4fff-811a-88a5eff00e07,oil-filters-misc,hazardous,50,2026-07-11,breakdown,,,3eb1ec47-67b2-407a-b5c8-0545a66bffbf,2026-07-11 07:26:16.856771+00,2026-07-11 07:26:16.856771+00,KCTRE20,50,8
0c3d6efc-3ce0-472a-a59f-0d08defa2362,e0a94c66-47a3-4fff-811a-88a5eff00e07,used-batteries,e_waste,20.8,2026-07-11,preventive,,,3eb1ec47-67b2-407a-b5c8-0545a66bffbf,2026-07-11 10:09:28.369905+00,2026-07-11 10:09:28.369905+00,KCTRE03,20.8,8
d2937c07-1e58-4661-8902-e4c18ed71229,e0a94c66-47a3-4fff-811a-88a5eff00e07,e-waste-resistors,e_waste,7.92,2026-07-11,preventive,,,3eb1ec47-67b2-407a-b5c8-0545a66bffbf,2026-07-11 10:11:00.269636+00,2026-07-11 10:11:00.269636+00,KCTRE05,7.92,2
595ff9bd-2fed-4981-99d2-8478aa5bcb5b,e0a94c66-47a3-4fff-811a-88a5eff00e07,waste-oil,hazardous,20,2026-07-11,preventive,,,3eb1ec47-67b2-407a-b5c8-0545a66bffbf,2026-07-11 10:13:07.035294+00,2026-07-11 10:13:07.035294+00,KCTRE06,20,
cb4b7e90-b011-4239-b029-2d65a8adc0f5,e0a94c66-47a3-4fff-811a-88a5eff00e07,oil-cotton,hazardous,59.89,2026-07-11,preventive,,,3eb1ec47-67b2-407a-b5c8-0545a66bffbf,2026-07-11 13:15:28.959933+00,2026-07-11 13:15:28.959933+00,KCTRE08,59.89,
a227c359-f8c6-49da-a418-40f374fb2094,e0a94c66-47a3-4fff-811a-88a5eff00e07,used-batteries,e_waste,20.8,2026-07-11,breakdown,,,3eb1ec47-67b2-407a-b5c8-0545a66bffbf,2026-07-11 13:49:40.574687+00,2026-07-11 13:49:40.574687+00,KCTRE09,20.8,8
868b668a-9974-4b6f-96d9-8c98780c877d,e0a94c66-47a3-4fff-811a-88a5eff00e07,e-waste-igbts,e_waste,9,2026-07-12,preventive,,,3eb1ec47-67b2-407a-b5c8-0545a66bffbf,2026-07-12 05:28:50.244986+00,2026-07-12 05:28:50.244986+00,KCTRE09,9,3
2c8e2783-6bdb-4adc-96d5-af19636c3710,e0a94c66-47a3-4fff-811a-88a5eff00e07,e-waste-igbts,e_waste,9,2026-07-12,preventive,,,3eb1ec47-67b2-407a-b5c8-0545a66bffbf,2026-07-12 05:30:28.115836+00,2026-07-12 05:30:28.115836+00,KCTRE09,9,3
f06a49d9-cca8-4d6d-95a1-98118053eac4,e0a94c66-47a3-4fff-811a-88a5eff00e07,e-waste-diodes,e_waste,3,2026-07-12,preventive,,,3eb1ec47-67b2-407a-b5c8-0545a66bffbf,2026-07-12 08:26:55.082205+00,2026-07-12 08:26:55.082205+00,KCTRE14,3,2
5d3ff0ac-b5c5-4be0-a608-9a2de2842844,e0a94c66-47a3-4fff-811a-88a5eff00e07,hu-oil-filter,hazardous,5,2026-07-15,preventive,,,3eb1ec47-67b2-407a-b5c8-0545a66bffbf,2026-07-15 17:03:19.392925+00,2026-07-15 17:03:19.392925+00,GML57,0,
04d3e141-bd03-429b-acf0-8628c2be957a,e0a94c66-47a3-4fff-811a-88a5eff00e07,carbon-brush,hazardous,8,2026-07-15,preventive,,,3eb1ec47-67b2-407a-b5c8-0545a66bffbf,2026-07-15 17:04:07.42436+00,2026-07-15 17:04:07.42436+00,GML24,8,8
4481bcba-0090-4b10-ad53-dd2b1e92870f,e0a94c66-47a3-4fff-811a-88a5eff00e07,hu-oil-filter,hazardous,5,2026-07-16,preventive,,,3eb1ec47-67b2-407a-b5c8-0545a66bffbf,2026-07-16 05:53:42.56269+00,2026-07-16 05:53:42.56269+00,KCTRE17,5,3
9868a62f-d1f9-4ee8-8b55-91ff358556ec,e0a94c66-47a3-4fff-811a-88a5eff00e07,hu-oil-filter,hazardous,3,2026-07-16,preventive,,,3eb1ec47-67b2-407a-b5c8-0545a66bffbf,2026-07-16 05:54:38.77248+00,2026-07-16 05:54:38.77248+00,KCTRE11,3,5
5bae1c3a-4650-48fc-b1d1-20e04788aa5a,e0a94c66-47a3-4fff-811a-88a5eff00e07,copper-scrap,other_wastes,5,2026-07-16,others,,,a95e54cf-055f-409c-a4ef-a6fbb11b2570,2026-07-16 17:06:07.326586+00,2026-07-16 17:06:07.326586+00,KCTRE03,5,
2383f60f-afea-4b3b-973a-e0f0fdc4f2cf,e0a94c66-47a3-4fff-811a-88a5eff00e07,used-batteries,e_waste,20.8,2026-07-17,breakdown,,,3eb1ec47-67b2-407a-b5c8-0545a66bffbf,2026-07-17 17:12:41.642963+00,2026-07-17 17:12:41.642963+00,PSS,20.8,8
531f027c-d47f-4ad0-832e-bbb6d6a69d05,e0a94c66-47a3-4fff-811a-88a5eff00e07,gb-oil-filter,hazardous,6,2026-07-27,preventive,,,3eb1ec47-67b2-407a-b5c8-0545a66bffbf,2026-07-27 07:06:20.485353+00,2026-07-27 07:06:20.485353+00,KCTRE12,6,2
c71d7d3b-16ac-453c-ab58-015a7cd2e030,e0a94c66-47a3-4fff-811a-88a5eff00e07,used-batteries,e_waste,20.8,2026-07-31,preventive,,,3eb1ec47-67b2-407a-b5c8-0545a66bffbf,2026-07-31 16:18:23.318936+00,2026-07-31 16:18:23.318936+00,KCTRE14,20.8,8
e21741af-e2fc-406f-b59c-392ebd6624b4,e0a94c66-47a3-4fff-811a-88a5eff00e07,waste-oil,hazardous,55,2026-07-31,preventive,,,3eb1ec47-67b2-407a-b5c8-0545a66bffbf,2026-07-31 18:23:35.413089+00,2026-07-31 18:23:35.413089+00,KCTRE05,55,
642f7cc4-3cdd-4e0e-acea-66b0952119df,e0a94c66-47a3-4fff-811a-88a5eff00e07,waste-oil,hazardous,50,2026-07-31,preventive,,,3eb1ec47-67b2-407a-b5c8-0545a66bffbf,2026-07-31 18:36:34.217023+00,2026-07-31 18:36:34.217023+00,KCTRE06,50,
699b4bdd-a171-46be-92c7-bd6d2fd2135c,e0a94c66-47a3-4fff-811a-88a5eff00e07,waste-oil,hazardous,50,2026-08-01,preventive,,,3eb1ec47-67b2-407a-b5c8-0545a66bffbf,2026-07-31 18:43:12.778381+00,2026-07-31 18:43:12.778381+00,KCTRE04,50,
8bf4a682-25e7-4cbc-9095-302090f6408a,e0a94c66-47a3-4fff-811a-88a5eff00e07,oil-cotton,hazardous,40,2026-08-01,preventive,,,3eb1ec47-67b2-407a-b5c8-0545a66bffbf,2026-07-31 18:43:47.299254+00,2026-07-31 18:43:47.299254+00,KCTRE03,40,
4b4117dc-d238-4267-a11f-1d565ac6cc94,e0a94c66-47a3-4fff-811a-88a5eff00e07,oil-cotton,hazardous,35,2026-08-01,preventive,,,3eb1ec47-67b2-407a-b5c8-0545a66bffbf,2026-07-31 18:44:12.872723+00,2026-07-31 18:44:12.872723+00,KCTRE05,35,
c0c89cca-53b1-4157-bd93-a0b073188d3c,e0a94c66-47a3-4fff-811a-88a5eff00e07,oil-cotton,hazardous,34,2026-08-01,preventive,,,3eb1ec47-67b2-407a-b5c8-0545a66bffbf,2026-07-31 18:44:36.732713+00,2026-07-31 18:44:36.732713+00,KCTRE07,34,
8db7379e-0de4-4f08-9549-fee4a19a0b90,e0a94c66-47a3-4fff-811a-88a5eff00e07,waste-grease,hazardous,35,2026-08-01,preventive,,,3eb1ec47-67b2-407a-b5c8-0545a66bffbf,2026-07-31 18:45:07.719006+00,2026-07-31 18:45:07.719006+00,KCTRE04,35,
d17ba8c8-8967-42e1-a11a-cc9bdaabbbfe,e0a94c66-47a3-4fff-811a-88a5eff00e07,gb-oil-filter-offline,hazardous,12,2026-08-01,preventive,,,3eb1ec47-67b2-407a-b5c8-0545a66bffbf,2026-07-31 18:45:32.94535+00,2026-07-31 18:45:32.94535+00,KCTRE05,12,4
e6b54bd2-ec9a-455c-a939-0603880cf010,e0a94c66-47a3-4fff-811a-88a5eff00e07,plastic-non-contaminated,non_hazardous,10,2026-08-01,preventive,,,3eb1ec47-67b2-407a-b5c8-0545a66bffbf,2026-07-31 18:51:18.036254+00,2026-07-31 18:51:18.036254+00,KCTRE07,10,
eb87ca1c-695c-4afc-ad35-1b26efdae282,e0a94c66-47a3-4fff-811a-88a5eff00e07,used-batteries,e_waste,20,2026-08-01,preventive,,,3eb1ec47-67b2-407a-b5c8-0545a66bffbf,2026-07-31 19:56:48.23063+00,2026-07-31 19:56:48.23063+00,GML139,20,8
97fbcbf1-6c32-4045-9121-fdf36945e9f5,e0a94c66-47a3-4fff-811a-88a5eff00e07,used-batteries,e_waste,20,2026-08-01,breakdown,,,3eb1ec47-67b2-407a-b5c8-0545a66bffbf,2026-07-31 20:22:14.708442+00,2026-07-31 20:22:14.708442+00,GML22,20,8
6ce51a46-6e87-4c75-8063-a16105ad8d7f,e0a94c66-47a3-4fff-811a-88a5eff00e07,used-batteries,e_waste,20,2026-08-01,breakdown,,,3eb1ec47-67b2-407a-b5c8-0545a66bffbf,2026-07-31 20:22:24.758191+00,2026-07-31 20:22:24.758191+00,GML22,20,8
7574025e-06e2-496a-a9f9-dbe568d51cc0,e0a94c66-47a3-4fff-811a-88a5eff00e07,gb-oil-filter,hazardous,20,2026-08-01,preventive,,,3eb1ec47-67b2-407a-b5c8-0545a66bffbf,2026-07-31 20:23:48.832647+00,2026-07-31 20:23:48.832647+00,GML60,20,3
444d46a8-0d13-46a5-a43e-ef3fe1639fe9,e0a94c66-47a3-4fff-811a-88a5eff00e07,gb-oil-filter,hazardous,6,2026-08-01,preventive,,,3eb1ec47-67b2-407a-b5c8-0545a66bffbf,2026-08-01 03:42:13.408212+00,2026-08-01 03:42:13.408212+00,KCTRE19,6,2
1ffb0611-c61a-4cc8-b402-46dbccadb4a9,e0a94c66-47a3-4fff-811a-88a5eff00e07,carbon-brush,hazardous,20,2026-08-01,preventive,,,3eb1ec47-67b2-407a-b5c8-0545a66bffbf,2026-08-01 03:43:44.842821+00,2026-08-01 03:43:44.842821+00,GML22,20,8
59fb132f-18b1-4acb-93a9-f489a241910a,e0a94c66-47a3-4fff-811a-88a5eff00e07,scrap-insulator,other_wastes,4,2026-08-03,preventive,,,3eb1ec47-67b2-407a-b5c8-0545a66bffbf,2026-08-03 09:09:42.1404+00,2026-08-03 09:09:42.1404+00,GML60,4,
