id,waste_entry_id,site_id,storage_path,uploaded_by,created_at
c7f415c5-b144-4d43-a3bf-e8a7843f58a2,ede32720-72ca-4d43-a38a-858341d37fca,e0a94c66-47a3-4fff-811a-88a5eff00e07,e0a94c66-47a3-4fff-811a-88a5eff00e07/ede32720-72ca-4d43-a38a-858341d37fca/f42f1979-7fd0-4387-8eed-c3698cf1e5cc.jpg,a95e54cf-055f-409c-a4ef-a6fbb11b2570,2026-07-02 06:33:05.085262+00
29c6de62-c4ca-4d5f-8832-d1992046f0b5,0e03eb48-b597-4858-a0ae-36eee29f9763,e0a94c66-47a3-4fff-811a-88a5eff00e07,e0a94c66-47a3-4fff-811a-88a5eff00e07/0e03eb48-b597-4858-a0ae-36eee29f9763/fb5b5b5d-34d5-4a0b-83be-95b19863b3f8.jpg,3eb1ec47-67b2-407a-b5c8-0545a66bffbf,2026-07-02 06:47:27.636508+00
ef2af8cb-fd36-4c3c-b439-5360a832e96b,da51c05e-6e69-4fe8-860e-f28f1f817c5e,e0a94c66-47a3-4fff-811a-88a5eff00e07,e0a94c66-47a3-4fff-811a-88a5eff00e07/da51c05e-6e69-4fe8-860e-f28f1f817c5e/e861915e-22fc-4436-a621-f67cf854199b.jpg,3eb1ec47-67b2-407a-b5c8-0545a66bffbf,2026-07-02 06:49:12.478645+00
5a20a3d5-c000-46a0-894a-6c25385e50e2,a353d114-d6cb-45af-9027-26782c1adb72,e0a94c66-47a3-4fff-811a-88a5eff00e07,e0a94c66-47a3-4fff-811a-88a5eff00e07/a353d114-d6cb-45af-9027-26782c1adb72/2ec6e4f9-4e8f-4b5e-a0d9-62c9b13d3bc5.jpg,3eb1ec47-67b2-407a-b5c8-0545a66bffbf,2026-07-02 06:49:40.227069+00
bdc44199-228b-48eb-aa50-a28b25c66804,c082e93f-0db4-4241-a551-c29a75f86672,e0a94c66-47a3-4fff-811a-88a5eff00e07,e0a94c66-47a3-4fff-811a-88a5eff00e07/c082e93f-0db4-4241-a551-c29a75f86672/3f6ee55c-016a-4861-a575-71e08ca10b73.jpg,3eb1ec47-67b2-407a-b5c8-0545a66bffbf,2026-07-02 06:52:35.977767+00
ebf6bc2b-60ec-4ab7-98f4-32f161001803,b42632d3-6ead-4de2-b6e8-de2a940bf7d7,e0a94c66-47a3-4fff-811a-88a5eff00e07,e0a94c66-47a3-4fff-811a-88a5eff00e07/b42632d3-6ead-4de2-b6e8-de2a940bf7d7/2f9dd7bd-6818-4a7f-b75a-2485ea95011d.jpg,3eb1ec47-67b2-407a-b5c8-0545a66bffbf,2026-07-03 14:34:15.614165+00
e3cc3357-b22f-4768-8b74-d42ce36ba934,0e139c80-eae6-42e1-8bab-a0fd4ce4fc42,e0a94c66-47a3-4fff-811a-88a5eff00e07,e0a94c66-47a3-4fff-811a-88a5eff00e07/0e139c80-eae6-42e1-8bab-a0fd4ce4fc42/f71857c8-6a59-4749-87c5-eb0fae6d6434.jpg,3eb1ec47-67b2-407a-b5c8-0545a66bffbf,2026-07-03 14:35:43.188733+00
35b09230-17f5-40ce-95cf-24f7af01ba0f,e74848d2-7bfc-406a-becd-ea6937c72963,7f0564c7-b4f6-41a2-91f0-983cb0273f57,7f0564c7-b4f6-41a2-91f0-983cb0273f57/e74848d2-7bfc-406a-becd-ea6937c72963/5501fd2b-c689-4428-a5cd-1ac497c2f813.jpg,a95e54cf-055f-409c-a4ef-a6fbb11b2570,2026-07-04 00:32:36.685245+00
fe943932-cea2-4551-8c43-2e5ac944bde1,e81b91f7-ac10-4350-94d6-5fcc3d2457dc,7f0564c7-b4f6-41a2-91f0-983cb0273f57,7f0564c7-b4f6-41a2-91f0-983cb0273f57/e81b91f7-ac10-4350-94d6-5fcc3d2457dc/232c8aee-4dab-41b4-b8c3-82c414596a5f.jpg,a95e54cf-055f-409c-a4ef-a6fbb11b2570,2026-07-04 00:33:44.792224+00
e83d3645-25ac-4064-98d6-cfba5510005e,94c198f6-b6e0-4aa6-961b-8a24abc8f1e7,7f0564c7-b4f6-41a2-91f0-983cb0273f57,7f0564c7-b4f6-41a2-91f0-983cb0273f57/94c198f6-b6e0-4aa6-961b-8a24abc8f1e7/58315b76-aeca-49ea-a64d-1fcefacc68fa.jpg,a95e54cf-055f-409c-a4ef-a6fbb11b2570,2026-07-04 00:34:54.561221+00
b8a88554-ba3e-4881-9e85-141a3ebd6a1a,38cedcee-76c1-4396-8f59-3a8dc9018867,e0a94c66-47a3-4fff-811a-88a5eff00e07,e0a94c66-47a3-4fff-811a-88a5eff00e07/38cedcee-76c1-4396-8f59-3a8dc9018867/8842eac9-31db-4adb-8058-9b7ec9b65863.jpg,a95e54cf-055f-409c-a4ef-a6fbb11b2570,2026-07-04 13:50:53.002394+00
a4dbd059-071c-438b-a198-6a5c1d56c4e5,6bd3d627-8a59-4892-9b37-4cd738a7a757,e0a94c66-47a3-4fff-811a-88a5eff00e07,e0a94c66-47a3-4fff-811a-88a5eff00e07/6bd3d627-8a59-4892-9b37-4cd738a7a757/bfe1915b-59dc-482f-ae1a-e1ddea1e5cff.jpg,3eb1ec47-67b2-407a-b5c8-0545a66bffbf,2026-07-06 05:36:39.008612+00
59f2e5c8-c5d5-4751-a390-fdfbbe8c68da,80d21483-025a-43eb-b74a-52ae0f64ca85,e0a94c66-47a3-4fff-811a-88a5eff00e07,e0a94c66-47a3-4fff-811a-88a5eff00e07/80d21483-025a-43eb-b74a-52ae0f64ca85/0601acac-4fd1-4eef-a79f-4481af0d1e35.jpg,3eb1ec47-67b2-407a-b5c8-0545a66bffbf,2026-07-08 05:20:12.044657+00
abdef7fe-e2dc-4f68-b606-22135404ab24,9f44c462-e132-457c-822b-5ddd6ce799a6,e0a94c66-47a3-4fff-811a-88a5eff00e07,e0a94c66-47a3-4fff-811a-88a5eff00e07/9f44c462-e132-457c-822b-5ddd6ce799a6/0a89e3a0-a508-4bb4-8e86-6456f59bf621.jpg,3eb1ec47-67b2-407a-b5c8-0545a66bffbf,2026-07-08 17:36:32.846742+00
bb9b716d-9d9c-4cb6-9082-add4c422d60e,a227c359-f8c6-49da-a418-40f374fb2094,e0a94c66-47a3-4fff-811a-88a5eff00e07,e0a94c66-47a3-4fff-811a-88a5eff00e07/a227c359-f8c6-49da-a418-40f374fb2094/b3cb41c9-dfa8-4736-9ee8-e2f54f5fefef.jpg,3eb1ec47-67b2-407a-b5c8-0545a66bffbf,2026-07-11 13:49:46.832476+00
50340acc-63f5-4c1e-a0e6-affe5ccc6c0e,2c8e2783-6bdb-4adc-96d5-af19636c3710,e0a94c66-47a3-4fff-811a-88a5eff00e07,e0a94c66-47a3-4fff-811a-88a5eff00e07/2c8e2783-6bdb-4adc-96d5-af19636c3710/b5798975-2507-4b26-bc21-df3c079ad55b.jpg,3eb1ec47-67b2-407a-b5c8-0545a66bffbf,2026-07-12 05:30:49.672399+00
18b0c1b9-e8fb-448e-8a01-4695ede6465d,5d3ff0ac-b5c5-4be0-a608-9a2de2842844,e0a94c66-47a3-4fff-811a-88a5eff00e07,e0a94c66-47a3-4fff-811a-88a5eff00e07/5d3ff0ac-b5c5-4be0-a608-9a2de2842844/64ecbc51-0306-4c8c-8fe5-78254a63e9af.jpg,3eb1ec47-67b2-407a-b5c8-0545a66bffbf,2026-07-15 17:03:24.476865+00
247ff294-64ac-484c-8bb1-fe183f357372,04d3e141-bd03-429b-acf0-8628c2be957a,e0a94c66-47a3-4fff-811a-88a5eff00e07,e0a94c66-47a3-4fff-811a-88a5eff00e07/04d3e141-bd03-429b-acf0-8628c2be957a/3e3ff400-23cf-4149-b175-847f783a46d0.jpg,3eb1ec47-67b2-407a-b5c8-0545a66bffbf,2026-07-15 17:04:11.630747+00
3a429d7e-a61b-46a0-af94-8099d110da06,7574025e-06e2-496a-a9f9-dbe568d51cc0,e0a94c66-47a3-4fff-811a-88a5eff00e07,e0a94c66-47a3-4fff-811a-88a5eff00e07/7574025e-06e2-496a-a9f9-dbe568d51cc0/9ab21e1c-86a3-4b67-bde2-794c5aabc1d9.jpg,3eb1ec47-67b2-407a-b5c8-0545a66bffbf,2026-07-31 20:23:52.053902+00
1c46606c-aefe-49bf-83bc-789b834f85f1,444d46a8-0d13-46a5-a43e-ef3fe1639fe9,e0a94c66-47a3-4fff-811a-88a5eff00e07,e0a94c66-47a3-4fff-811a-88a5eff00e07/444d46a8-0d13-46a5-a43e-ef3fe1639fe9/1e823150-1f5f-4703-99e8-7b58eac81b7e.jpg,3eb1ec47-67b2-407a-b5c8-0545a66bffbf,2026-08-01 03:42:33.499895+00
58c3f700-2df5-4bb2-9d29-498e5cd29153,1ffb0611-c61a-4cc8-b402-46dbccadb4a9,e0a94c66-47a3-4fff-811a-88a5eff00e07,e0a94c66-47a3-4fff-811a-88a5eff00e07/1ffb0611-c61a-4cc8-b402-46dbccadb4a9/99665c50-dea1-4850-95b1-404efde41287.jpg,3eb1ec47-67b2-407a-b5c8-0545a66bffbf,2026-08-01 03:43:49.20791+00
